1.000000000000000048e-04 4.219793437318361953e+02
1.008095673533814960e-04 4.252738977359839510e+02
1.016256886997595919e-04 4.285941484579875578e+02
1.024484170981219429e-04 4.319402960736568957e+02
1.032778060370044288e-04 4.353125422160816242e+02
1.041139094379686826e-04 4.387110896594571727e+02
1.049567816591076553e-04 4.421361426295841852e+02
1.058064774985796808e-04 4.455879069254525575e+02
1.066630521981710972e-04 4.490665899312301121e+02
1.075265614468877472e-04 4.525724006283299445e+02
1.083970613845754410e-04 4.561055496075589417e+02
1.092746086055698554e-04 4.596662490813681075e+02
1.101592601623759633e-04 4.632547128961903127e+02
1.110510735693771438e-04 4.668711565448857073e+02
1.119501068065744732e-04 4.705157971792443163e+02
1.128564183233562117e-04 4.741888536226178985e+02
1.137700670422977286e-04 4.778905463900335349e+02
1.146911123629924085e-04 4.816210977736760128e+02
1.156196141659132680e-04 4.853807318273127294e+02
1.165556328163061496e-04 4.891696743326987757e+02
1.174992291681141806e-04 4.929881528120752705e+02
1.184504645679341226e-04 4.968363965414642394e+02
1.194094008590048251e-04 5.007146365640446106e+02
1.203761003852277462e-04 5.046231057036330867e+02
1.213506259952202958e-04 5.085620385782659127e+02
1.223330410464016521e-04 5.125316716138855782e+02
1.233234094091121061e-04 5.165322430581288700e+02
1.243217954707652852e-04 5.205639929942240087e+02
1.253282641400343251e-04 5.246271633536737227e+02
1.263428808510717340e-04 5.287219978799643059e+02
1.273657115677636936e-04 5.328487421246989015e+02
1.283968227880183497e-04 5.370076435232434733e+02
1.294362815480892305e-04 5.411989514135617583e+02
1.304841554269334963e-04 5.454229170506521314e+02
1.315405125506055053e-04 5.496797936211361275e+02
1.326054215966858884e-04 5.539698362579055129e+02
1.336789517987465377e-04 5.582933020549113508e+02
1.347611729508517799e-04 5.626504500820453814e+02
1.358521554120958440e-04 5.670415414001485033e+02
1.369519701111772457e-04 5.714668390761102046e+02
1.380606885510101160e-04 5.759266081980647414e+02
1.391783828133727995e-04 5.804211158321656967e+02
1.403051255635941554e-04 5.849506309221095535e+02
1.414409900552779419e-04 5.895154244403103121e+02
1.425860501350650108e-04 5.941157694341235356e+02
1.437403802474346705e-04 5.987519410414869299e+02
1.449040554395442928e-04 6.034242165066663119e+02
1.460771513661086570e-04 6.081328751961323178e+02
1.472597442943183511e-04 6.128781986145407927e+02
1.484519111087982083e-04 6.176604704208465364e+02
1.496537293166059395e-04 6.224799764445255050e+02
1.508652770522710986e-04 6.273370047019060394e+02
1.520866330828748406e-04 6.322318454126508414e+02
1.533178768131708797e-04 6.371647909898866828e+02
1.545590882907479447e-04 6.421361358937791692e+02
1.558103482112338956e-04 6.471461767490937973e+02
1.570717379235420964e-04 6.521952124412435978e+02
1.583433394351599908e-04 6.572835441335028008e+02
1.596252354174810997e-04 6.624114752840207530e+02
1.609175092111793577e-04 6.675793116629776023e+02
1.622202448316277111e-04 6.727873613698254758e+02
1.635335269743601121e-04 6.780359348507046207e+02
1.648574410205778289e-04 6.833253449159493584e+02
1.661920730427005879e-04 6.886559067577335327e+02
1.675375098099622228e-04 6.940279379678499936e+02
1.688938387940519678e-04 6.994417585522668332e+02
1.702611481748013964e-04 7.048976908822087353e+02
1.716395268459170321e-04 7.103960597134188220e+02
1.730290644207600401e-04 7.159371922665601460e+02
1.744298512381719168e-04 7.215214182481415719e+02
1.758419783683480737e-04 7.271490698689722194e+02
1.772655376187583676e-04 7.328204818627855275e+02
1.787006215401159854e-04 7.385359915049476740e+02
1.801473234323946310e-04 7.442959386313643790e+02
1.816057373508938233e-04 7.501006656574634235e+02
1.830759581123543925e-04 7.559505175973602036e+02
1.845580813011223867e-04 7.618458420831267404e+02
1.860522032753635557e-04 7.677869893823134362e+02
1.875584211733278444e-04 7.737743121308893706e+02
1.890768329196648701e-04 7.798081650346724700e+02
1.906075372317901412e-04 7.858889053939899441e+02
1.921506336263031542e-04 7.920168931948934414e+02
1.937062224254573978e-04 7.981924911287454734e+02
1.952744047636824516e-04 8.044160646118432396e+02
1.968552825941592395e-04 8.106879818052663040e+02
1.984489586954484074e-04 8.170086136347816819e+02
2.000555366781723156e-04 8.233783338109539045e+02
2.016751209917508889e-04 8.297975188493645646e+02
2.033078169311927337e-04 8.362665480909610096e+02
2.049537306439402754e-04 8.427858037225576027e+02
2.066129691367710305e-04 8.493556708457235800e+02
2.082856402827545255e-04 8.559765376855114027e+02
2.099718528282652958e-04 8.626487954553863347e+02
2.116717164000531852e-04 8.693728383093674665e+02
2.133853415123702403e-04 8.761490633634755341e+02
2.151128395741559892e-04 8.829778707172879422e+02
2.168543228962802375e-04 8.898596634756993353e+02
2.186099046988450073e-04 8.967948477707890333e+02
2.203796991185452670e-04 9.037838327838798023e+02
2.221638212160893463e-04 9.108270307677224764e+02
2.239623869836796335e-04 9.179248570688324662e+02
2.257755133525534178e-04 9.250777301500120302e+02
2.276033182005851260e-04 9.322860715132751466e+02
2.294459203599500861e-04 9.395503045555703920e+02
2.313034396248499019e-04 9.468708549462597830e+02
2.331759967593011445e-04 9.542481514751394798e+02
2.350637135049863313e-04 9.616826260907882897e+02
2.369667125891689269e-04 9.691747139226282570e+02
2.388851177326721770e-04 9.767248533031358875e+02
2.408190536579228038e-04 9.843334857901922987e+02
2.427686460970595922e-04 9.920010561895375076e+02
2.447340218001076498e-04 9.997280125774677799e+02
2.467153085432188049e-04 1.007514806323561515e+03
2.487126351369791429e-04 1.015361892113617728e+03
2.507261314347829771e-04 1.023269727978559558e+03
2.527559283412752870e-04 1.031238775618485988e+03
2.548021578208625976e-04 1.039269500583084664e+03
2.568649529062918906e-04 1.047362371892059627e+03
2.589444477072999910e-04 1.055517862023837552e+03
2.610407774193322324e-04 1.063736446939850794e+03
2.631540783323324095e-04 1.072018606109016901e+03
2.652844878396029321e-04 1.080364822532358858e+03
2.674321444467376218e-04 1.088775582767799278e+03
2.695971877806264982e-04 1.097251376955067144e+03
2.717797585985330449e-04 1.105792698840858975e+03
2.739799987972457978e-04 1.114400045804062302e+03
2.761980514223032787e-04 1.123073918881127611e+03
2.784340606772940110e-04 1.131814822304761037e+03
2.806881719332317781e-04 1.140623262366941617e+03
2.829605317380065599e-04 1.149499748685695749e+03
2.852512878259121218e-04 1.158444794561845129e+03
2.875605891272509616e-04 1.167458917003677016e+03
2.898885857780167234e-04 1.176542636751970804e+03
2.922354291296547809e-04 1.185696478304942957e+03
2.946012717589027285e-04 1.194920969943521413e+03
2.969862674777095290e-04 1.204216643756688427e+03
2.993905713432352738e-04 1.213584035666949831e+03
3.018143396679324195e-04 1.223023685456040766e+03
3.042577300297079064e-04 1.232536136790681212e+03
3.067209012821680561e-04 1.242121937144963340e+03
3.092040135649459223e-04 1.251781637074202081e+03
3.117072283141129928e-04 1.261515790647668382e+03
3.142307082726743749e-04 1.271324955878107403e+03
3.167746175011493617e-04 1.281209694750256858e+03
3.193391213882377589e-04 1.291170573246654158e+03
3.219243866615722430e-04 1.301208161373720259e+03
3.245305813985579439e-04 1.311323033187914916e+03
3.271578750372997383e-04 1.321515766821997659e+03
3.298064383876183410e-04 1.331786944511533875e+03
3.324764436421547031e-04 1.342137152621477981e+03
3.351680643875653751e-04 1.352566981672862994e+03
3.378814756158077508e-04 1.363077026343372154e+03
3.406168537355170342e-04 1.373667884837326028e+03
3.433743765834749301e-04 1.384340158844309144e+03
3.461542234361719554e-04 1.395094454237813807e+03
3.489565750214623958e-04 1.405931381136238997e+03
3.517816135303143471e-04 1.416851553929609281e+03
3.546295226286544063e-04 1.427855591306450606e+03
3.575004874693085873e-04 1.438944116280814342e+03
3.603946947040398917e-04 1.450117756219356806e+03
3.633123324956826460e-04 1.461377142868626379e+03
3.662535905303764753e-04 1.472722912382521599e+03
3.692186600298979116e-04 1.484155705349785649e+03
3.722077337640925052e-04 1.495676166818904221e+03
3.752210060634077150e-04 1.507284945603304550e+03
3.782586728315266277e-04 1.518982693312153742e+03
3.813209315581048402e-04 1.530770065782251095e+03
3.844079813316094189e-04 1.542647723340241782e+03
3.875200228522629182e-04 1.554616330829427170e+03
3.906572584450912662e-04 1.566676557636611278e+03
3.938198920730779013e-04 1.578829077719077532e+03
3.970081293504237278e-04 1.591074569631749227e+03
4.002221775559154367e-04 1.603413716554375469e+03
4.034622456464006211e-04 1.615847206318878534e+03
4.067285442703735886e-04 1.628375731436824253e+03
4.100212857816702976e-04 1.640999989126994706e+03
4.133406842532737755e-04 1.653720680973809294e+03
4.166869554912319131e-04 1.666538511258236895e+03
4.200603170486881793e-04 1.679454188265741777e+03
4.234609882400252549e-04 1.692468425000976140e+03
4.268891901551230507e-04 1.705581939214672502e+03
4.303451456737334931e-04 1.718795453430003590e+03
4.338290794799700735e-04 1.732109694969065231e+03
4.373412180769153577e-04 1.745525395979362884e+03
4.408817898013469997e-04 1.759043293460454379e+03
4.444510248385826921e-04 1.772664129290697474e+03
4.480491552374453543e-04 1.786388650253992182e+03
4.516764149253492638e-04 1.800217608066711591e+03
4.553330397235087561e-04 1.814151759331880157e+03
4.590192673622698195e-04 1.828191864545526869e+03
4.627353374965657222e-04 1.842338688337374151e+03
4.664814917214974853e-04 1.856593000293364867e+03
4.702579735880417500e-04 1.870955575002872592e+03
4.740650286188839778e-04 1.885427192084801618e+03
4.779029043243809968e-04 1.900008636213882028e+03
4.817718502186531639e-04 1.914700697146875655e+03
4.856721178358053303e-04 1.929504169749038510e+03
4.896039607462805135e-04 1.944419854020456114e+03
4.935676345733451369e-04 1.959448555122574135e+03
4.975633970097082231e-04 1.974591083404711526e+03
5.015915078342747567e-04 1.989848254397375058e+03
5.056522289290348981e-04 2.005220886459295116e+03
5.097458242960901855e-04 2.020709799122520280e+03
5.138725600748166727e-04 2.036315816632861015e+03
5.180327045591681450e-04 2.052039768340910086e+03
5.222265282151183300e-04 2.067882488724878840e+03
5.264543036982455727e-04 2.083844817413410965e+03
5.307163058714583484e-04 2.099927599208370793e+03
5.350128118228658419e-04 2.116131684107701858e+03
5.393441008837921834e-04 2.132457927328193819e+03
5.437104546469361845e-04 2.148907189328263485e+03
5.481121569846798261e-04 2.165480335830715831e+03
5.525494940675428979e-04 2.182178237845562762e+03
5.570227543827884495e-04 2.199001771707718490e+03
5.615322287531778617e-04 2.215951819142612749e+03
5.660782103558790069e-04 2.233029267246992731e+03
5.706609947415264153e-04 2.250235008498393654e+03
5.752808798534358309e-04 2.267569940777863849e+03
5.799381660469750009e-04 2.285034967392662566e+03
5.846331561090906993e-04 2.302630997098930493e+03
5.893661552779937184e-04 2.320358944124372101e+03
5.941374712630039965e-04 2.338219728190843853e+03
5.989474142645556665e-04 2.356214274536965149e+03
6.037962969943640830e-04 2.374343513940703815e+03
6.086844346957566735e-04 2.392608382741913374e+03
6.136121451641681542e-04 2.411009822144908867e+03
6.185797487678013030e-04 2.429548772074304452e+03
6.235875684684545920e-04 2.448226174038828503e+03
6.286359298425205815e-04 2.467042974803569905e+03
6.337251611021518230e-04 2.486000126444568650e+03
6.388555931165990423e-04 2.505098586364380026e+03
6.440275594337226866e-04 2.524339317307540568e+03
6.492413963016777263e-04 2.543723287375768905e+03
6.544974426907743158e-04 2.563251470043254812e+03
6.597960403155155029e-04 2.582924844171497170e+03
6.651375336568136161e-04 2.602744394024303801e+03
6.705222699843859779e-04 2.622711109282362031e+03
6.759505993793321144e-04 2.642825985043082255e+03
6.814228747568935440e-04 2.663090021370842351e+03
6.869394518893989646e-04 2.683504223200900014e+03
6.925006894293935390e-04 2.704069600875775905e+03
6.981069489329555294e-04 2.724787170191327277e+03
7.037585948832042948e-04 2.745657952409774225e+03
7.094559947139949868e-04 2.766682974272560841e+03
7.151995188338074270e-04 2.787863268013086781e+03
7.209895406498274296e-04 2.809199871369121865e+03
7.268264365922236063e-04 2.830693827595230232e+03
7.327105861386203024e-04 2.852346185474701088e+03
7.386423718387687262e-04 2.874157999331577230e+03
7.446221793394180045e-04 2.896130329036398962e+03
7.506503974093877915e-04 2.918264236903491110e+03
7.567274179648424311e-04 2.940560782437657053e+03
7.628536360947726349e-04 2.963021029018817444e+03
7.690294500866793649e-04 2.985646045225417311e+03
7.752552614524705439e-04 3.008436904837661586e+03
7.815314749545618136e-04 3.031394686840583745e+03
7.878584986321948919e-04 3.054520475426733810e+03
7.942367438279627958e-04 3.077815359998499844e+03
8.006666252145539647e-04 3.101280435170090641e+03
8.071485608217124656e-04 3.124916800769212841e+03
8.136829720634134117e-04 3.148725561838470639e+03
8.202702837652632454e-04 3.172707828636132945e+03
8.269109241921163188e-04 3.196864715858228919e+03
8.336053250759208923e-04 3.221197338429449701e+03
8.403539216437853334e-04 3.245706814365442369e+03
8.471571526462742764e-04 3.270394266655642696e+03
8.540154603859348480e-04 3.295260823262516624e+03
8.609292907460498181e-04 3.320307617115885932e+03
8.678990932196287318e-04 3.345535786106817795e+03
8.749253209386285675e-04 3.370946473081292879e+03
8.820084307034161721e-04 3.396540825833143117e+03
8.891488830124634739e-04 3.422319997096631596e+03
8.963471420922884854e-04 3.448285144538710938e+03
9.036036759276356960e-04 3.474437430750535896e+03
9.109189562919006288e-04 3.500778022805466208e+03
9.182934587778035463e-04 3.527308084885295102e+03
9.257276628283061257e-04 3.554028779062832200e+03
9.332220517677857407e-04 3.580941271616065478e+03
9.407771128334547735e-04 3.608046733224988657e+03
9.483933372070391587e-04 3.635346338952013866e+03
9.560712200467126913e-04 3.662841268221646715e+03
9.638112605192866635e-04 3.690532704799484236e+03
9.716139618326656742e-04 3.718421836770776281e+03
9.794798312685595258e-04 3.746509856518179276e+03
9.874093802154655219e-04 3.774797960699076157e+03
9.954031242019169366e-04 3.803287350221892211e+03
1.003461582929994619e-03 3.831979230163850843e+03
1.011585280309121142e-03 3.860874803643471751e+03
1.019774744490116241e-03 3.889975266206351080e+03
1.028030507899537838e-03 3.919281815737462239e+03
1.036353107274294539e-03 3.948795653658798983e+03
1.044743083696541772e-03 3.978517984891551350e+03
1.053200982628860020e-03 4.008450017817498519e+03
1.061727353949716048e-03 4.038592964239677713e+03
1.070322751989214458e-03 4.068948039342095399e+03
1.078987735565133110e-03 4.099516461648781842e+03
1.087722868019258852e-03 4.130299452981789727e+03
1.096528717254007749e-03 4.161298238418573419e+03
1.105405855769348890e-03 4.192514046248282284e+03
1.114354860700024832e-03 4.223948104678324853e+03
1.123376313853071719e-03 4.255601630747497438e+03
1.132470801745646873e-03 4.287475840171407981e+03
1.141638915643156940e-03 4.319571951044859816e+03
1.150881251597702607e-03 4.351891183782689041e+03
1.160198410486826042e-03 4.384434761059570519e+03
1.169590998052578166e-03 4.417203907748740676e+03
1.179059624940900775e-03 4.450199850859677099e+03
1.188604906741324175e-03 4.483423819474880474e+03
1.198227464026992454e-03 4.516877044685246801e+03
1.207927922395005777e-03 4.550560759524881178e+03
1.217706912507095316e-03 4.584476198904372723e+03
1.227565070130622570e-03 4.618624598586967295e+03
1.237503036179914357e-03 4.653007185415433014e+03
1.247521456757931958e-03 4.687625180909408300e+03
1.257620983198272889e-03 4.722479807538901696e+03
1.267802272107521576e-03 4.757572288740189833e+03
1.278065985407932656e-03 4.792903848833433585e+03
1.288412790380469037e-03 4.828475712938734432e+03
1.298843359708180822e-03 4.864289106891163101e+03
1.309358371519941380e-03 4.900345257154552201e+03
1.319958509434534469e-03 4.936645390734026478e+03
1.330644462605096992e-03 4.973190735087178837e+03
1.341416925763926895e-03 5.009982518034185887e+03
1.352276599267644751e-03 5.047021967313808091e+03
1.363224189142733279e-03 5.084310296086033304e+03
1.374260407131432495e-03 5.121848697290171003e+03
1.385385970738015841e-03 5.159638361420155888e+03
1.396601603275438421e-03 5.197680477765515207e+03
1.407908033912358414e-03 5.235976234295227187e+03
1.419305997720548369e-03 5.274526817540679986e+03
1.430796235722678810e-03 5.313333412476731610e+03
1.442379494940501270e-03 5.352397202401498362e+03
1.454056528443408618e-03 5.391719368814672634e+03
1.465828095397398280e-03 5.431301091294095386e+03
1.477694961114429679e-03 5.471143547371257227e+03
1.489657897102174798e-03 5.511247912401157009e+03
1.501717681114183569e-03 5.551615354182432384e+03
1.513875097200441952e-03 5.592247022064521843e+03
1.526130935758348520e-03 5.633144059234810811e+03
1.538485993584103907e-03 5.674307605469906775e+03
1.550941073924507266e-03 5.715738796990203809e+03
1.563496986529184672e-03 5.757438766312775442e+03
1.576154547703228007e-03 5.799408642102648628e+03
1.588914580360271207e-03 5.841649549022409701e+03
1.601777914075986752e-03 5.884162607580217809e+03
1.614745385142020385e-03 5.926948933976044827e+03
1.627817836620364719e-03 5.970009639946495554e+03
1.640996118398163704e-03 6.013345832607705233e+03
1.654281087242973113e-03 6.056958610926232723e+03
1.667673606858456007e-03 6.100849044146974848e+03
1.681174547940541804e-03 6.145018184613871199e+03
1.694784788234027706e-03 6.189467078212400338e+03
1.708505212589645460e-03 6.234196764233554859e+03
1.722336713021592816e-03 6.279208275188956577e+03
1.736280188765518826e-03 6.324502636623806211e+03
1.750336546336995298e-03 6.370080866928371506e+03
1.764506699590444056e-03 6.415943977147447185e+03
1.778791569778557938e-03 6.462092970788037746e+03
1.793192085612187354e-03 6.508528843625476838e+03
1.807709183320724278e-03 6.555252583507458439e+03
1.822343806712968268e-03 6.602265169227164733e+03
1.837096907238485377e-03 6.649567550966066847e+03
1.851969444049469254e-03 6.697160650051847369e+03
1.866962384063094050e-03 6.745045377091627415e+03
1.882076702024382091e-03 6.793222632537555910e+03
1.897313380569570730e-03 6.841693306461913380e+03
1.912673410290000259e-03 6.890458278330329449e+03
1.928157789796516820e-03 6.939518416773134959e+03
1.943767525784391176e-03 6.988874579354966045e+03
1.959503633098773085e-03 7.038527612342267275e+03
1.975367134800664129e-03 7.088478350469301404e+03
1.991359062233437859e-03 7.138727616702090927e+03
2.007480455089884035e-03 7.189276221942271150e+03
2.023732361479805598e-03 7.240124955191709887e+03
2.040115837998162512e-03 7.291274572240661655e+03
2.056631949793760305e-03 7.342725812690504426e+03
2.073281770638504135e-03 7.394479402225812919e+03
2.090066382997202762e-03 7.446536052354060303e+03
2.106986878097949750e-03 7.498896460143415425e+03
2.124044356003063246e-03 7.551561307958774705e+03
2.141239925680605595e-03 7.604531263196074178e+03
2.158574705076485821e-03 7.657806978014930792e+03
2.176049821187135431e-03 7.711389089069150032e+03
2.193666410132783136e-03 7.765278217236181263e+03
2.211425617231313305e-03 7.819474967344295692e+03
2.229328597072733741e-03 7.873979921671345437e+03
2.247376513594232395e-03 7.928793614674040327e+03
2.265570540155853810e-03 7.983916553233452760e+03
2.283911859616784886e-03 8.039349225749678226e+03
2.302401664412249537e-03 8.095092101845658362e+03
2.321041156631043455e-03 8.151145632066096368e+03
2.339831548093676897e-03 8.207510247575542962e+03
2.358774060431163659e-03 8.264186359854385955e+03
2.377869925164445824e-03 8.321174360393395546e+03
2.397120383784452982e-03 8.378474620386916285e+03
2.416526687832825857e-03 8.436087490424544740e+03
2.436090098983270929e-03 8.494013300181488376e+03
2.455811889123598549e-03 8.552252356327424422e+03
2.475693340438404628e-03 8.610804920707234487e+03
2.495735745492433204e-03 8.669671216296268540e+03
2.515940407314612524e-03 8.728851442426914218e+03
2.536308639482764190e-03 8.788345774783934758e+03
2.556841766209011404e-03 8.848154365071966822e+03
2.577541122425861583e-03 8.908277340681062924e+03
2.598408053873004549e-03 8.968714804352059218e+03
2.619443917184796373e-03 9.029466833840304389e+03
2.640650079978460948e-03 9.090533481578149804e+03
2.662027920943009322e-03 9.151914774337155905e+03
2.683578829928863312e-03 9.213610712888674243e+03
2.705304208038224623e-03 9.275621271259651621e+03
2.727205467716156944e-03 9.337946374314418790e+03
2.749284032842422201e-03 9.400585885295387925e+03
2.771541338824045405e-03 9.463539635727825953e+03
2.793978832688636272e-03 9.526807427802174061e+03
2.816597973178473248e-03 9.590389034010011528e+03
2.839400230845330001e-03 9.654284196779661215e+03
2.862387088146093380e-03 9.718492628111913291e+03
2.885560039539129904e-03 9.783014009214075486e+03
2.908920591581461504e-03 9.847847990134956490e+03
2.932470263026697166e-03 9.912994189398514209e+03
2.956210584923780766e-03 9.978452193638089739e+03
2.980143100716532538e-03 1.004422155722852403e+04
3.004269366343983744e-03 1.011030179007746301e+04
3.028590950341545750e-03 1.017669232810179165e+04
3.053109433942976635e-03 1.024339256374970319e+04
3.077826411183189580e-03 1.031040185412114079e+04
3.102743489001882644e-03 1.037771952058320858e+04
3.127862287348010754e-03 1.044534484838630669e+04
3.153184439285112040e-03 1.051327708627988613e+04
3.178711591097469012e-03 1.058151544612965154e+04
3.204445402397147497e-03 1.065005910253522052e+04
3.230387546231888642e-03 1.071890719244780121e+04
3.256539709193883442e-03 1.078805881478917945e+04
3.282903591529422876e-03 1.085751303007233037e+04
3.309480907249432325e-03 1.092726885429650974e+04
3.336273384240918006e-03 1.099732521580311732e+04
3.363282764379287287e-03 1.106768097770146778e+04
3.390510803641608780e-03 1.113833496098040450e+04
3.417959272220764521e-03 1.120928594428912402e+04
3.445629954640538461e-03 1.128053266354330481e+04
3.473524649871642146e-03 1.135207381153352071e+04
3.501645171448660668e-03 1.142390803753468572e+04
3.529993347587969191e-03 1.149603394691835092e+04
3.558571021306578853e-03 1.156845010076649487e+04
3.587380050541971906e-03 1.164115501548802604e+04
3.616422308272880526e-03 1.171414716243693510e+04
3.645699682641062676e-03 1.178742496583276807e+04
3.675214077074057638e-03 1.186098675829501371e+04
3.704967410408928612e-03 1.193483077516756202e+04
3.734961617017023595e-03 1.200895520029168620e+04
3.765198646929722448e-03 1.208335816806769799e+04
3.795680465965227401e-03 1.215803776306731743e+04
3.826409055856361003e-03 1.223299201964934218e+04
3.857386414379405763e-03 1.230821892157879665e+04
3.888614555483995046e-03 1.238371640165026838e+04
3.920095509424032648e-03 1.245948234131498793e+04
3.951831322889704824e-03 1.253551457031205791e+04
3.983824059140522733e-03 1.261181086630416212e+04
4.016075798139482483e-03 1.268836895442247078e+04
4.048588636688275552e-03 1.276518647943765973e+04
4.081364688563615499e-03 1.284226096629211315e+04
4.114406084654667096e-03 1.291958987450620771e+04
4.147714973101571806e-03 1.299717060725620104e+04
4.181293519435118171e-03 1.307500051101848476e+04
4.215143906717520698e-03 1.315307687522004562e+04
4.249268335684354934e-03 1.323139693189439640e+04
4.283669024887633119e-03 1.330995785534418610e+04
4.318348210840037768e-03 1.338875676180941264e+04
4.353308148160333138e-03 1.346779070914226213e+04
4.388551109719934611e-03 1.354705669648963885e+04
4.424079386790688920e-03 1.362655166398090842e+04
4.459895289193824448e-03 1.370627248143719407e+04
4.496001145450137515e-03 1.378621589622397187e+04
4.532399302931361743e-03 1.386637857195158358e+04
4.569092128012782958e-03 1.394675710977675226e+04
4.606082006227098756e-03 1.402734804813681330e+04
4.643371342419490636e-03 1.410814786246968288e+04
4.680962560903991106e-03 1.418915296494147515e+04
4.718858105621079845e-03 1.427035970418354555e+04
4.757060440296584369e-03 1.435176436503803052e+04
4.795572048601852259e-03 1.443336316831329714e+04
4.834395434315219217e-03 1.451515227054843672e+04
4.873533121484801590e-03 1.459712776378700619e+04
4.912987654592575193e-03 1.467928566000097999e+04
4.952761598719820219e-03 1.476162166821959727e+04
4.992857539713870668e-03 1.484413123928252935e+04
5.033278084356240280e-03 1.492680974381542546e+04
5.074025860532094603e-03 1.500965247694633763e+04
5.115103517401096110e-03 1.509265465809569832e+04
5.156513725569644019e-03 1.517581143078057721e+04
5.198259177264490626e-03 1.525911786243351889e+04
5.240342586507781841e-03 1.534256894423506674e+04
5.282766689293496784e-03 1.542615959096143706e+04
5.325534243765328059e-03 1.550988464084775478e+04
5.368648030396004460e-03 1.559373885546552810e+04
5.412110852168048290e-03 1.567771692274161069e+04
5.455925534756017603e-03 1.576181369497727064e+04
5.500094926710208214e-03 1.584602436266415316e+04
5.544621899641844105e-03 1.593034409304616565e+04
5.589509348409783980e-03 1.601476799118202143e+04
5.634760191308718809e-03 1.609929109996119769e+04
5.680377370258889863e-03 1.618390840013241359e+04
5.726363850997374071e-03 1.626861481034442295e+04
5.772722623270886387e-03 1.635340518720069122e+04
5.819456701030158163e-03 1.643827432532539751e+04
5.866569122625868091e-03 1.652321695744440876e+04
5.914062951006205521e-03 1.660822775447849926e+04
5.961941273915984628e-03 1.669330132565028907e+04
6.010207204097383141e-03 1.677843179751011485e+04
6.058863879492336867e-03 1.686361157855440251e+04
6.107914463446528427e-03 1.694883257098658214e+04
6.157362144915061279e-03 1.703408656584596974e+04
6.207210138669761769e-03 1.711936524315152928e+04
6.257461685508217651e-03 1.720466017208078483e+04
6.308120052464450712e-03 1.728996281118538900e+04
6.359188533021311977e-03 1.737526450864331855e+04
6.410670447324629852e-03 1.746055650254787179e+04
6.462569142399043551e-03 1.754582992123469376e+04
6.514887992365617220e-03 1.763107578364724031e+04
6.567630398661177503e-03 1.771628499974137594e+04
6.620799790259495991e-03 1.780144845467005143e+04
6.674399623894190781e-03 1.788655774620355805e+04
6.728433384283452959e-03 1.797160484550691399e+04
6.782904584356632717e-03 1.805658164791356467e+04
6.837816765482597481e-03 1.814147996833637080e+04
6.893173497699994767e-03 1.822629154183634091e+04
6.948978379949317420e-03 1.831100802422067864e+04
7.005235040306923011e-03 1.839562099266811492e+04
7.061947136220892915e-03 1.848012194638458459e+04
7.119118354748794376e-03 1.856450230728801398e+04
7.176752412797428836e-03 1.864875342072299827e+04
7.234853057364452888e-03 1.873286655620398597e+04
7.293424065782002849e-03 1.881683290906861293e+04
7.352469245962240524e-03 1.890064363014574701e+04
7.411992436644962434e-03 1.898428983371864524e+04
7.471997507647150198e-03 1.906776256490426749e+04
7.532488360114539261e-03 1.915105279837571652e+04
7.593468926775284907e-03 1.923415143928322141e+04
7.654943172195623202e-03 1.931704932420491241e+04
7.716915093037629222e-03 1.939973722212803477e+04
7.779388718319028319e-03 1.948220583546187845e+04
7.842368109675179264e-03 1.956444580108130322e+04
7.905857361623115642e-03 1.964644769140091012e+04
7.969860601827721824e-03 1.972820201548199111e+04
8.034381991370131981e-03 1.980969921950420394e+04
8.099425725018222916e-03 1.989092927810126639e+04
8.164996031499357695e-03 1.997188098645894570e+04
8.231097173775268200e-03 2.005254286980906181e+04
8.297733449319256993e-03 2.013290336865534846e+04
8.364909190395567601e-03 2.021295084034507818e+04
8.432628764341015132e-03 2.029267356069085145e+04
8.500896573848976123e-03 2.037205972564232070e+04
8.569717057255579751e-03 2.045109745301030853e+04
8.639094688828289487e-03 2.052977478424038418e+04
8.709033979056755512e-03 2.060807968623905253e+04
8.779539474946099209e-03 2.068600005325046732e+04
8.850615760312508309e-03 2.076352370878504735e+04
8.922267456081232895e-03 2.084063832853204076e+04
8.994499220587044708e-03 2.091733100512807141e+04
9.067315749877067829e-03 2.099358855149508599e+04
9.140721778016096949e-03 2.106939770599708208e+04
9.214722077394344249e-03 2.114474513534143989e+04
9.289321459037762352e-03 2.121961743700787702e+04
9.364524772920799350e-03 2.129400114173984548e+04
9.440336908281686534e-03 2.136788271609747608e+04
9.516762793940355958e-03 2.144124856507233926e+04
9.593807398618859478e-03 2.151408503476396436e+04
9.671475731264372530e-03 2.158637841511814258e+04
9.749772841374900606e-03 2.165811494272688287e+04
9.828703819327523628e-03 2.172928078420767270e+04
9.908273796709365575e-03 2.179986169739763136e+04
9.988487946651173136e-03 2.186984307195029396e+04
1.006935148416370461e-02 2.193921023624089503e+04
1.015086966647673478e-02 2.200794847145365929e+04
1.023304779338083358e-02 2.207604301496173503e+04
1.031589120757196547e-02 2.214347906377856634e+04
1.039940529499881749e-02 2.221024177807528031e+04
1.048359548521296015e-02 2.227631628476812693e+04
1.056846725172181853e-02 2.234168768117349464e+04
1.065402611234456814e-02 2.240634103872935520e+04
1.074027762957085498e-02 2.247026140678540469e+04
1.082722741092239337e-02 2.253343381390020659e+04
1.091488110931759098e-02 2.259584298420072082e+04
1.100324442343902573e-02 2.265747307394013842e+04
1.109232309810396534e-02 2.271830816164471617e+04
1.118212292463780649e-02 2.277833231427856299e+04
1.127264974125065725e-02 2.283752959175925935e+04
1.136390943341687373e-02 2.289588405154561406e+04
1.145590793425765343e-02 2.295337975330025802e+04
1.154865122492683936e-02 2.301000076362376058e+04
1.164214533499973586e-02 2.306573116085851871e+04
1.173639634286512655e-02 2.312055503996462357e+04
1.183141037612041833e-02 2.317445651746248041e+04
1.192719361197007791e-02 2.322741973644311656e+04
1.202375227762719594e-02 2.327942861824225474e+04
1.212109265071832642e-02 2.333046598999433263e+04
1.221922105969166193e-02 2.338051439485880110e+04
1.231814388422843888e-02 2.342955640940035300e+04
1.241786755565771859e-02 2.347757464968139902e+04
1.251839855737447126e-02 2.352455177742242449e+04
1.261974342526115192e-02 2.357047050624415351e+04
1.272190874811258109e-02 2.361531360798746391e+04
1.282490116806428090e-02 2.365906391910967432e+04
1.292872738102436754e-02 2.370170434715511146e+04
1.303339413710882973e-02 2.374321787729698190e+04
1.313890824108041033e-02 2.378358757894930022e+04
1.324527655279094177e-02 2.382279655080794328e+04
1.335250598762742838e-02 2.386082728707761635e+04
1.346060351696157578e-02 2.389766193574680437e+04
1.356957616860301336e-02 2.393328274205490379e+04
1.367943102725625512e-02 2.396767206311618065e+04
1.379017523498125668e-02 2.400081237554475592e+04
1.390181599165777292e-02 2.403268628314577654e+04
1.401436055545339683e-02 2.406327652467149892e+04
1.412781624329551705e-02 2.409256598163826857e+04
1.424219043134697382e-02 2.412053768620030678e+04
1.435749055548557820e-02 2.414717482907801605e+04
1.447372411178761593e-02 2.417246076753453599e+04
1.459089865701514860e-02 2.419637901990775936e+04
1.470902180910733069e-02 2.421891269751182335e+04
1.482810124767562458e-02 2.424004429405104020e+04
1.494814471450315631e-02 2.425975643962012691e+04
1.506916001404800393e-02 2.427803196764652603e+04
1.519115501395055037e-02 2.429485392397318356e+04
1.531413764554506382e-02 2.431020557598296000e+04
1.543811590437529739e-02 2.432407042175553943e+04
1.556309785071432680e-02 2.433643219925493395e+04
1.568909161008852013e-02 2.434727489554019849e+04
1.581610537380590681e-02 2.435658275599597255e+04
1.594414739948866663e-02 2.436434029357366671e+04
1.607322601160994513e-02 2.437053229792194543e+04
1.620334960203515667e-02 2.437514362329631331e+04
1.633452663056749951e-02 2.437815873914529948e+04
1.646676562549798800e-02 2.437956228927259144e+04
1.660007518415985983e-02 2.437933923173911535e+04
1.673446397348759759e-02 2.437747484876099406e+04
1.686994073058034962e-02 2.437395475658727082e+04
1.700651426326993051e-02 2.436876491535461537e+04
1.714419345069352618e-02 2.436189163890994314e+04
1.728298724387090229e-02 2.435332160459257284e+04
1.742290466628637971e-02 2.434304186297237538e+04
1.756395481447541387e-02 2.433103984753227633e+04
1.770614685861607654e-02 2.431730338429060794e+04
1.784949004312522472e-02 2.430182067268845276e+04
1.799399368725944359e-02 2.428458010994250799e+04
1.813966718572101663e-02 2.426557041836342978e+04
1.828652000926866278e-02 2.424478075132755112e+04
1.843456170533328692e-02 2.422220070320488958e+04
1.858380189863862580e-02 2.419782031870645369e+04
1.873425029182709117e-02 2.417163010211793880e+04
1.888591666609050826e-02 2.414362102641218735e+04
1.903881088180600645e-02 2.411378454223216977e+04
1.919294287917714531e-02 2.408211258673431803e+04
1.934832267888011645e-02 2.404859759228659823e+04
1.950496038271525012e-02 2.401323249501102691e+04
1.966286617426369829e-02 2.397601076693554933e+04
1.982205031954962365e-02 2.393692693401028009e+04
1.998252316770756515e-02 2.389597657288545815e+04
2.014429515165521226e-02 2.385315581070361441e+04
2.030737678877181721e-02 2.380846130940001967e+04
2.047177868158188072e-02 2.376189027226653707e+04
2.063751151844448947e-02 2.371344045029953122e+04
2.080458607424815615e-02 2.366311014832361980e+04
2.097301321111141523e-02 2.361089823088560297e+04
2.114280387908896996e-02 2.355680412791057097e+04
2.131396911688354656e-02 2.350082784011109106e+04
2.148652005256364295e-02 2.344296994414697474e+04
2.166046790428697785e-02 2.338323160298204675e+04
2.183582398102975816e-02 2.332161555089692411e+04
2.201259968332201084e-02 2.325812721763893205e+04
2.219080650398874005e-02 2.319277286548434131e+04
2.237045602889710036e-02 2.312555931337592119e+04
2.255155993770961015e-02 2.305649393773543488e+04
2.273413000464355807e-02 2.298558467299591211e+04
2.291817809923647406e-02 2.291284001185407760e+04
2.310371618711771352e-02 2.283826900523659424e+04
2.329075633078652591e-02 2.276188126198060490e+04
2.347931069039619831e-02 2.268368694822403631e+04
2.366939152454467302e-02 2.260369678650409332e+04
2.386101119107142399e-02 2.252192205456161537e+04
2.405418214786103626e-02 2.243837549102901539e+04
2.424891695365305119e-02 2.235307496091787471e+04
2.444522826885841063e-02 2.226604024001461221e+04
2.464312885638266643e-02 2.217729153885311462e+04
2.484263158245566747e-02 2.208684949419236727e+04
2.504374941746808150e-02 2.199473516088520410e+04
2.524649543681456443e-02 2.190097000356010903e+04
2.545088282174395519e-02 2.180557588812510221e+04
2.565692486021618757e-02 2.170857507309362700e+04
2.586463494776610958e-02 2.160999020074219879e+04
2.607402658837451939e-02 2.150984428810074678e+04
2.628511339534600477e-02 2.140816071778253172e+04
2.649790909219404411e-02 2.130496369209776822e+04
2.671242751353314696e-02 2.120028392173977045e+04
2.692868260597839486e-02 2.109415670221277469e+04
2.714668842905213625e-02 2.098661752353568227e+04
2.736645915609792895e-02 2.087770195731387503e+04
2.758800907520216755e-02 2.076744563981202009e+04
2.781135259012291680e-02 2.065588425522805846e+04
2.803650422122638819e-02 2.054305351917803637e+04
2.826347860643085158e-02 2.042898916240045946e+04
2.849229050215847103e-02 2.031372691468572521e+04
2.872295478429457566e-02 2.019730248904130713e+04
2.895548644915474715e-02 2.007975156609732585e+04
2.918990061445989742e-02 1.996110988473806719e+04
2.942621252031905887e-02 1.984141928447133978e+04
2.966443753022023760e-02 1.972073078637273284e+04
2.990459113202914229e-02 1.959909572593097982e+04
3.014668893899625710e-02 1.947656491712443676e+04
3.039074669077185958e-02 1.935318863154805877e+04
3.063678025442920574e-02 1.922901657852448625e+04
3.088480562549628106e-02 1.910409788619145547e+04
3.113483892899561803e-02 1.897848108355936711e+04
3.138689642049269368e-02 1.885221408352932849e+04
3.164099448715265717e-02 1.872534416686419354e+04
3.189714964880588366e-02 1.859791796709982373e+04
3.215537855902186881e-02 1.846998145664781259e+04
3.241569800619193559e-02 1.834158320866955182e+04
3.267812491462079166e-02 1.821278239493939691e+04
3.294267634562677433e-02 1.808363954224688496e+04
3.320936949865111593e-02 1.795421397989702382e+04
3.347822171237601480e-02 1.782456382808260241e+04
3.374925046585208060e-02 1.769474598801712273e+04
3.402247337963458518e-02 1.756481613378098700e+04
3.429790821692900449e-02 1.743482870583128533e+04
3.457557288474600449e-02 1.730483690612560895e+04
3.485548543506552382e-02 1.717489269480936855e+04
3.513766406601047387e-02 1.704504678841525674e+04
3.542212712302974381e-02 1.691534865952490509e+04
3.570889310009107281e-02 1.678584833448164136e+04
3.599798064088333138e-02 1.665660991868031851e+04
3.628940854002849631e-02 1.652770354545037117e+04
3.658319574430379806e-02 1.639919740878165248e+04
3.687936135387331199e-02 1.627115771234071690e+04
3.717792462352988853e-02 1.614364868536078211e+04
3.747890496394674920e-02 1.601673260112409116e+04
3.778232194293972696e-02 1.589046979790631849e+04
3.808819528673928340e-02 1.576491870225238563e+04
3.839654488127289961e-02 1.564013585445543504e+04
3.870739077345814599e-02 1.551617593611659868e+04
3.902075317250585512e-02 1.539309179965941621e+04
3.933665245123405679e-02 1.527093423568909930e+04
3.965510914739237697e-02 1.514974498040818798e+04
3.997614396499745565e-02 1.502955625868927200e+04
4.029977777567888414e-02 1.491039867712437990e+04
4.062603162003605717e-02 1.479230167648170391e+04
4.095492670900630072e-02 1.467529355812475478e+04
4.128648442524372048e-02 1.455940151093333407e+04
4.162072632450945081e-02 1.444465163867860429e+04
4.195767413707292282e-02 1.433106898780927077e+04
4.229734976912484512e-02 1.421867757560492464e+04
4.263977530420128698e-02 1.410750041865481580e+04
4.298497300461930765e-02 1.399755956162508483e+04
4.333296531292454845e-02 1.388887614396640674e+04
4.368377485335009358e-02 1.378148266596058784e+04
4.403742443328751560e-02 1.367544004838280671e+04
4.439393704476944646e-02 1.357081148323544403e+04
4.475333586596461771e-02 1.346765797081826531e+04
4.511564426268466210e-02 1.336603839985514605e+04
4.548088578990307912e-02 1.326600963007622886e+04
4.584908419328684315e-02 1.316762657707678227e+04
4.622026341074007144e-02 1.307094229928733512e+04
4.659444757396038334e-02 1.297600808690164376e+04
4.697166101000761068e-02 1.288287355262398523e+04
4.735192824288564362e-02 1.279158672410853796e+04
4.773527399513669695e-02 1.270219332624666458e+04
4.812172318944851757e-02 1.261469413524654556e+04
4.851130095027488681e-02 1.252902535112319129e+04
4.890403260546894587e-02 1.244511961460231214e+04
4.929994368792989246e-02 1.236291129933518459e+04
4.969905993726281973e-02 1.228233644409357657e+04
5.010140730145238447e-02 1.220333268816031887e+04
5.050701193854966603e-02 1.212583920978520837e+04
5.091590021837263946e-02 1.204979666758127496e+04
5.132809872422086639e-02 1.197514714474397442e+04
5.174363425460361959e-02 1.190183409598228900e+04
5.216253382498199642e-02 1.182980224598572750e+04
5.258482466952561080e-02 1.175899668742447830e+04
5.301053424288296873e-02 1.168936298645953502e+04
5.343969022196649876e-02 1.162084790821251408e+04
5.387232050775173087e-02 1.155339940010215469e+04
5.430845322709151879e-02 1.148696655158258000e+04
5.474811673454453576e-02 1.142149955609631070e+04
5.519133961421857776e-02 1.135694967516363249e+04
5.563815068162918098e-02 1.129326920453105049e+04
5.608857898557283866e-02 1.123041144230768441e+04
5.654265381001567087e-02 1.116832950122717557e+04
5.700040467599705452e-02 1.110696211409936041e+04
5.746186134354924757e-02 1.104623842836716540e+04
5.792705381363199429e-02 1.098608884115319779e+04
5.839601233008286790e-02 1.092644519992471578e+04
5.886876738158383637e-02 1.086724077091815161e+04
5.934534970364320483e-02 1.080841021169211308e+04
5.982579028059403087e-02 1.074988954766304596e+04
6.031012034760818014e-02 1.069161615248342423e+04
6.079837139272748631e-02 1.063352812130886377e+04
6.129057515891066926e-02 1.057554589157727787e+04
6.178676364609694133e-02 1.051756947821056019e+04
6.228696911328671093e-02 1.045949986288746732e+04
6.279122408063868288e-02 1.040124028335778894e+04
6.329956133158418097e-02 1.034269624629964710e+04
6.381201391495835984e-02 1.028377554888585109e+04
6.432861514714909024e-02 1.022438830866878379e+04
6.484939861426289309e-02 1.016444700138741428e+04
6.537439817430816535e-02 1.010386091919091996e+04
6.590364795939697429e-02 1.004251021941759791e+04
6.643718237796369941e-02 9.980267321143384834e+03
6.697503611700225679e-02 9.917008455305773168e+03
6.751724414432094812e-02 9.852613803901083884e+03
6.806384171081622525e-02 9.786967639942411552e+03
6.861486435276428764e-02 9.719958480498999052e+03
6.917034789413124829e-02 9.651479251671546081e+03
6.973032844890252047e-02 9.581432150907059622e+03
7.029484242343049527e-02 9.509750926651036934e+03
7.086392651880159266e-02 9.436382898472951638e+03
7.143761773322204744e-02 9.361279215869531981e+03
7.201595336442365158e-02 9.284394968076356236e+03
7.259897101208850900e-02 9.205689305593743484e+03
7.318670858029324711e-02 9.125125559940142921e+03
7.377920427997373964e-02 9.042671889434963305e+03
7.437649663140902256e-02 8.958327137065152783e+03
7.497862446672584613e-02 8.872131317368910459e+03
7.558562693242294739e-02 8.784129401997206514e+03
7.619754349191654175e-02 8.694368245590303559e+03
7.681441392810581248e-02 8.602896539776791542e+03
7.743627834595906423e-02 8.509764763581653824e+03
7.806317717512153975e-02 8.415025404991205505e+03
7.869515117254365089e-02 8.318759740207480718e+03
7.933224142513083110e-02 8.221098634013089395e+03
7.997448935241445456e-02 8.122176022501432271e+03
8.062193670924514000e-02 8.022123251241036087e+03
8.127462558850712115e-02 7.921068902089287803e+03
8.193259842385469671e-02 7.819138635399423038e+03
8.259589799247135655e-02 7.716456604279122075e+03
8.326456741785065452e-02 7.613170221655774185e+03
8.393865017259995176e-02 7.509444169257141766e+03
8.461819008126639230e-02 7.405437639766098982e+03
8.530323132318659574e-02 7.301303519613464232e+03
8.599381843535866543e-02 7.197188324609997835e+03
8.668999631533745587e-02 7.093232221563631356e+03
8.739181022415401512e-02 6.989580515060429207e+03
8.809930578925785627e-02 6.886396603268682156e+03
8.881252900748347334e-02 6.783838668232885539e+03
8.953152624804050497e-02 6.682056255062765558e+03
9.025634425552879481e-02 6.581190410024892117e+03
9.098703015297722463e-02 6.481373882030063214e+03
9.172363144490708331e-02 6.382744951593099358e+03
9.246619602042097097e-02 6.285467541025287574e+03
9.321477215631601698e-02 6.189700337126323575e+03
9.396940852022254986e-02 6.095591522822546722e+03
9.473015417376792757e-02 6.003279213908432212e+03
9.549705857576668011e-02 5.912891927631369981e+03
9.627017158543574316e-02 5.824549078651391028e+03
9.704954346563575418e-02 5.738364950922122262e+03
9.783522488613928536e-02 5.654458552630493614e+03
9.862726692692480590e-02 5.572943512212654241e+03
9.942572108149767829e-02 5.493925499454641795e+03
1.002306392602375917e-01 5.417502895301332501e+03
1.010420737937740149e-01 5.343767475512679994e+03
1.018600774363881134e-01 5.272804812334874441e+03
1.026847033694421735e-01 5.204665841527928933e+03
1.035160052048377799e-01 5.139344777095443533e+03
1.043540369885008062e-01 5.076830256951810043e+03
1.051988532038954233e-01 5.017111596042380370e+03
1.060505087755658493e-01 4.960179001333374799e+03
1.069090590727077711e-01 4.906023784573832927e+03
1.077745599127678117e-01 4.854621668941399548e+03
1.086470675650721279e-01 4.805850959197973680e+03
1.095266387544852477e-01 4.759559742205517978e+03
1.104133306650976060e-01 4.715603121649551213e+03
1.113072009439434740e-01 4.673842720902212932e+03
1.122083077047483363e-01 4.634146169943848690e+03
1.131167095317077848e-01 4.596377229401608020e+03
1.140324654832959445e-01 4.560332296339664026e+03
1.149556350961046802e-01 4.525781015765071061e+03
1.158862783887150832e-01 4.492500353073465703e+03
1.168244558655989751e-01 4.460274162815913769e+03
1.177702285210524003e-01 4.428892663567606178e+03
1.187236578431615786e-01 4.398145446509809517e+03
1.196848058178001384e-01 4.367800410903959346e+03
1.206537349326591568e-01 4.337624577295730887e+03
1.216305081813093547e-01 4.307391328608055119e+03
1.226151890672972089e-01 4.276880380209692703e+03
1.236078416082731224e-01 4.245878218188542633e+03
1.246085303401531647e-01 4.214188750458753020e+03
1.256173203213154788e-01 4.181634969985275347e+03
1.266342771368294817e-01 4.148047097870011385e+03
1.276594669027199813e-01 4.113262267483652977e+03
1.286929562702651964e-01 4.077125028937587558e+03
1.297348124303307482e-01 4.039506796556107929e+03
1.307851031177375001e-01 4.000336876154589390e+03
1.318438966156649794e-01 3.959559012175266616e+03
1.329112617600914092e-01 3.917123180753517772e+03
1.339872679442684900e-01 3.872985897029798707e+03
1.350719851232331792e-01 3.827129523227523805e+03
1.361654838183551375e-01 3.779607303214892909e+03
1.372678351219224491e-01 3.730489215529471494e+03
1.383791107017631472e-01 3.679847362027893269e+03
1.394993828059042096e-01 3.627755856731227595e+03
1.406287242672694393e-01 3.574315121224374252e+03
1.417672085084140943e-01 3.519685463611238447e+03
1.429149095462985686e-01 3.464032136184373940e+03
1.440719019971000714e-01 3.407515374995959974e+03
1.452382610810643015e-01 3.350291786533750383e+03
1.464140626273956747e-01 3.292560500431625314e+03
1.475993830791865746e-01 3.234563544558102876e+03
1.487942994983880995e-01 3.176532016019340972e+03
1.499988895708196657e-01 3.118683089441748507e+03
1.512132316112198838e-01 3.061234025592991202e+03
1.524374045683374312e-01 3.004454545466069249e+03
1.536714880300646957e-01 2.948615039150991834e+03
1.549155622286117473e-01 2.893965572633889678e+03
1.561697080457219444e-01 2.840736955216390925e+03
1.574340070179312268e-01 2.789143730318749476e+03
1.587085413418686808e-01 2.739385026874980667e+03
1.599933938796005151e-01 2.691644334684606747e+03
1.612886481640168068e-01 2.646090164741128319e+03
1.625943884042629628e-01 2.602829110588353615e+03
1.639106994912142845e-01 2.561886375251853224e+03
1.652376670029943595e-01 2.523279500472624477e+03
1.665753772105397490e-01 2.487024993648023155e+03
1.679239170832083072e-01 2.453085598236441911e+03
1.692833742944334918e-01 2.421326988217074359e+03
1.706538372274237492e-01 2.391612347684655560e+03
1.720353949809097227e-01 2.363812751795213899e+03
1.734281373749361754e-01 2.337774812970775656e+03
1.748321549567012079e-01 2.313300700789811344e+03
1.762475390064439651e-01 2.290197156108542458e+03
1.776743815433783902e-01 2.268278595775610938e+03
1.791127753316761606e-01 2.247342938927526575e+03
1.805628138864968923e-01 2.227170467102507246e+03
1.820245914800689147e-01 2.207548258288330999e+03
1.834982031478177011e-01 2.188267489412222403e+03
1.849837446945440111e-01 2.169098695412286361e+03
1.864813127006535731e-01 2.149806631351285432e+03
1.879910045284352571e-01 2.130164399374258664e+03
1.895129183283915109e-01 2.109957875211996907e+03
1.910471530456186173e-01 2.088992183697639121e+03
1.925938084262406591e-01 2.067083279021520866e+03
1.941529850238937205e-01 2.044062541157794840e+03
1.957247842062627696e-01 2.019838517691395737e+03
1.973093081616729971e-01 1.994372370819830167e+03
1.989066599057327245e-01 1.967633006394318727e+03
2.005169432880312130e-01 1.939641620683388737e+03
2.021402629988895416e-01 1.910512921057750418e+03
2.037767245761679946e-01 1.880370778037127138e+03
2.054264344121268515e-01 1.849349479907263003e+03
2.070894997603430210e-01 1.817643023753893203e+03
2.087660287426837402e-01 1.785456200989136960e+03
2.104561303563354802e-01 1.752985894838931017e+03
2.121599144808904991e-01 1.720447621375222070e+03
2.138774918854898233e-01 1.688060757060118931e+03
2.156089742360258465e-01 1.656030346334747492e+03
2.173544741024015514e-01 1.624559034950526438e+03
2.191141049658485440e-01 1.593845080401011955e+03
2.208879812263060682e-01 1.564071095076900519e+03
2.226762182098576126e-01 1.535391826687135335e+03
2.244789321762292733e-01 1.507935601183655535e+03
2.262962403263473476e-01 1.481818455009210084e+03
2.281282608099590992e-01 1.457105658639550938e+03
2.299751127333136691e-01 1.433813573592207376e+03
2.318369161669048273e-01 1.411952569077327780e+03
2.337137921532783935e-01 1.391478431890195452e+03
2.356058627149011653e-01 1.372302918894561117e+03
2.375132508620939609e-01 1.354337132898207983e+03
2.394360806010284726e-01 1.337447564852069945e+03
2.413744769417905667e-01 1.321478018462412365e+03
2.433285659065067830e-01 1.306272042628252393e+03
2.452984745375371423e-01 1.291638590399587201e+03
2.472843309057357608e-01 1.277380961567090480e+03
2.492862641187764128e-01 1.263304898037546309e+03
2.513044043295465380e-01 1.249209647902801862e+03
2.533388827446083069e-01 1.234902148393865673e+03
2.553898316327299911e-01 1.220222481742345735e+03
2.574573843334846401e-01 1.205043557056799045e+03
2.595416752659184256e-01 1.189258752847030792e+03
2.616428399372905944e-01 1.172836923394701216e+03
2.637610149518833103e-01 1.155776091865650187e+03
2.658963380198813287e-01 1.138109111795271019e+03
2.680489479663270558e-01 1.119921840386194845e+03
2.702189847401449407e-01 1.101306225416838515e+03
2.724065894232401974e-01 1.082379372256539000e+03
2.746119042396706900e-01 1.063265483691025793e+03
2.768350725648942023e-01 1.044092987060245150e+03
2.790762389350897044e-01 1.024999291657485855e+03
2.813355490565530581e-01 1.006117478311113132e+03
2.836131498151713837e-01 9.875887923309181815e+02
2.859091892859719208e-01 9.695491859308799576e+02
2.882238167427489950e-01 9.521186386295970578e+02
2.905571826677683100e-01 9.354030244033451709e+02
2.929094387615515105e-01 9.194790578101683423e+02
2.952807379527381260e-01 9.043752587543275467e+02
2.976712344080273964e-01 8.901000152861315655e+02
3.000810835422026424e-01 8.766017848136740440e+02
3.025104420282336837e-01 8.638116899894608878e+02
3.049594678074642462e-01 8.516305030592779985e+02
3.074283200998793042e-01 8.399446933954855012e+02
3.099171594144569664e-01 8.286383465203507512e+02
3.124261475596036286e-01 8.175936750608852890e+02
3.149554476536735592e-01 8.066995256159588052e+02
3.175052241355746929e-01 7.958518481313110442e+02
3.200756427754569700e-01 7.849561750229119070e+02
3.226668706854929902e-01 7.739314440126787531e+02
3.252790763307403243e-01 7.627110320645032289e+02
3.279124295400947520e-01 7.512552447577553494e+02
3.305671015173313187e-01 7.395438325176968419e+02
3.332432648522349883e-01 7.275973503881714350e+02
3.359410935318218328e-01 7.154553624577242772e+02
3.386607629516481532e-01 7.031942920677080338e+02
3.414024499272172442e-01 6.909000492994385922e+02
3.441663327054725330e-01 6.786718605566259157e+02
3.469525909763862548e-01 6.666041747507326818e+02
3.497614058846422180e-01 6.547797604605678998e+02
3.525929600414122733e-01 6.432673012253400202e+02
3.554474375362295380e-01 6.321140146301394225e+02
3.583250239489537692e-01 6.213526131640192034e+02
3.612259063618408206e-01 6.109981959998847287e+02
3.641502733717025819e-01 6.010520130244368602e+02
3.670983151021692259e-01 5.915005908712535074e+02
3.700702232160498206e-01 5.823131684918744213e+02
3.730661909277929178e-01 5.734447358213128609e+02
3.760864130160487262e-01 5.648329430809229734e+02
3.791310858363300396e-01 5.564079346737164542e+02
3.822004073337816332e-01 5.480967224448220350e+02
3.852945770560468608e-01 5.398331406438707063e+02
3.884137961662418315e-01 5.315647176919547974e+02
3.915582674560333376e-01 5.232575143905064579e+02
3.947281953588234749e-01 5.148966128528869604e+02
3.979237859630410101e-01 5.064869082322780969e+02
4.011452470255372771e-01 4.980460548391705515e+02
4.043927879850974794e-01 4.896039408747909647e+02
4.076666199760539677e-01 4.811955119237969143e+02
4.109669558420137037e-01 4.728592405615841017e+02
4.142940101496963012e-01 4.646347480013792506e+02
4.176479992028831467e-01 4.565607055136645727e+02
4.210291410564812598e-01 4.486732122135135228e+02
4.244376555306970111e-01 4.410008965894490984e+02
4.278737642253311879e-01 4.335621604229415311e+02
4.313376905341838596e-01 4.263568305445436977e+02
4.348296596595781494e-01 4.193694249644171919e+02
4.383498986270017994e-01 4.125709729377381905e+02
4.418986362998667539e-01 4.059283107396527726e+02
4.454761033943892001e-01 3.994104806449184935e+02
4.490825324945859620e-01 3.929918685726794934e+02
4.527181580674007888e-01 3.866501083667034209e+02
4.563832164779443867e-01 3.803638607403657943e+02
4.600779460048620706e-01 3.741126629653870737e+02
4.638025868558254272e-01 3.678830267666650684e+02
4.675573811831489346e-01 3.616738111917275660e+02
4.713425730995338681e-01 3.554982535354577067e+02
4.751584086939358298e-01 3.493806546875121057e+02
4.790051360475688358e-01 3.433460252010457339e+02
4.828830052500303616e-01 3.374145372890242811e+02
4.867922684155619462e-01 3.315980227545512662e+02
4.907331796994394146e-01 3.259031310567379478e+02
4.947059953144968270e-01 3.203341016328870410e+02
4.987109735477847083e-01 3.148936294110130802e+02
5.027483747773584533e-01 3.095807711844713594e+02
5.068184614892118356e-01 3.043877484999822514e+02
5.109214982943386385e-01 2.992998081557466321e+02
5.150577519459370590e-01 2.942977386331874641e+02
5.192274913567518357e-01 2.893636826757432345e+02
5.234309876165577080e-01 2.844859652467470141e+02
5.276685140097844284e-01 2.796603180931231805e+02
5.319403460332807754e-01 2.748877805805736330e+02
5.362467614142306660e-01 2.701705916541322381e+02
5.405880401282056047e-01 2.655106431405394574e+02
5.449644644173682329e-01 2.609113896331060118e+02
5.493763188088214289e-01 2.563800747985850990e+02
5.538238901331064001e-01 2.519270100657405749e+02
5.583074675428523204e-01 2.475611576974885111e+02
5.628273425315700740e-01 2.432852567833159583e+02
5.673838089526100914e-01 2.390946760485364280e+02
5.719771630382626260e-01 2.349822253923154562e+02
5.766077034190179029e-01 2.309425110410566617e+02
5.812757311429809226e-01 2.269727252107853133e+02
5.859815496954439151e-01 2.230699036220797780e+02
5.907254650186180012e-01 2.192276216480435949e+02
5.955077855315196178e-01 2.154379767919879782e+02
6.003288221500276967e-01 2.116967267289327026e+02
6.051888883070938308e-01 2.080060939653116918e+02
6.100882999731201961e-01 2.043719977934645726e+02
6.150273756765025635e-01 2.007983359082438426e+02
6.200064365243382891e-01 1.972846340758991062e+02
6.250258062233041700e-01 1.938291359162500669e+02
6.300858111006973905e-01 1.904334495627517754e+02
6.351867801256573243e-01 1.871006413075882051e+02
6.403290449305496512e-01 1.838285038979907426e+02
6.455129398325266665e-01 1.806141873665730486e+02
6.507388018552636710e-01 1.774549832805907670e+02
6.560069707508695558e-01 1.743483197540395793e+02
6.613177890219764654e-01 1.712921587760806403e+02
6.666716019440025454e-01 1.682856344512435101e+02
6.720687575876064246e-01 1.653280762788629374e+02
6.775096068413121175e-01 1.624188188928933130e+02
6.829945034343224419e-01 1.595572021392184183e+02
6.885238039595165116e-01 1.567425711485938109e+02
6.940978678966329696e-01 1.539742764052875543e+02
6.997170576356421812e-01 1.512516738115461408e+02
7.053817385003016138e-01 1.485741247479510889e+02
7.110922787719147209e-01 1.459409961297866687e+02
7.168490497132684602e-01 1.433516604594975377e+02
7.226524255927723184e-01 1.408054958753304504e+02
7.285027837087907354e-01 1.383018861962583514e+02
7.344005044141721505e-01 1.358402209632844801e+02
7.403459711409794419e-01 1.334198954771909769e+02
7.463395704254117691e-01 1.310403108328611665e+02
7.523816919329433528e-01 1.287008739502273897e+02
7.584727284836515482e-01 1.264009976019652584e+02
7.646130760777568591e-01 1.241401004379931123e+02
7.708031339213681221e-01 1.219176070068858309e+02
7.770433044524367450e-01 1.197329477742745496e+02
7.833339933669215549e-01 1.175855591383280796e+02
7.896756096451594820e-01 1.154748834423806301e+02
7.960685655784627279e-01 1.134003689848193943e+02
8.025132767959181068e-01 1.113614700262763364e+02
8.090101622914096513e-01 1.093576467942354213e+02
8.155596444508593779e-01 1.073883654851182428e+02
8.221621490796873211e-01 1.054530912062368344e+02
8.288181054304974982e-01 1.035512680795812059e+02
8.355279462309774807e-01 1.016823419798401744e+02
8.422921077120422151e-01 9.984576757994017271e+01
8.491110296361874532e-01 9.804100821691996259e+01
8.559851553260833246e-01 9.626753575976468369e+01
8.629149316933948377e-01 9.452483047919497494e+01
8.699008092678385262e-01 9.281238091936506862e+01
8.769432422264735738e-01 9.112968377144950693e+01
8.840426884232239768e-01 8.947624374909585754e+01
8.911996094186542816e-01 8.785157346570463233e+01
8.984144705099709194e-01 8.625519331352704455e+01
9.056877407612745623e-01 8.468663134453403529e+01
9.130198930340559516e-01 8.314542315305479292e+01
9.204114040179396383e-01 8.163111176013801185e+01
9.278627542616688650e-01 8.014324749962212024e+01
9.353744282043573444e-01 7.868138790589220832e+01
9.429469142069784038e-01 7.724509760329374330e+01
9.505807045841159209e-01 7.583394819717611313e+01
9.582762956359723860e-01 7.444751816655676180e+01
9.660341876806346484e-01 7.308539275836552918e+01
9.738548850866024509e-01 7.174716388325923333e+01
9.817388963055743156e-01 7.043243001298014860e+01
9.896867339055116508e-01 6.914079607922812443e+01
9.976989146039579870e-01 6.787187337404301957e+01
1.005775959301632883e+00 6.662527945165601295e+01
1.013918393116298056e+00 6.540063803179951663e+01
1.022126745416897409e+00 6.419757895223544608e+01
1.030401549857975052e+00 6.301574042992110236e+01
1.038743344414361669e+00 6.185476983289506592e+01
1.047152671416163194e+00 6.071432016306030022e+01
1.055630077584010396e+00 5.959404969768980465e+01
1.064176114064605772e+00 5.849362192024531026e+01
1.072791336466556222e+00 5.741270545185390972e+01
1.081476304896494378e+00 5.635097398345892117e+01
1.090231583995494580e+00 5.530810620862411753e+01
1.099057742975775520e+00 5.428378575700992315e+01
1.107955355657718632e+00 5.327770112850407713e+01
1.116925000507165144e+00 5.228954562801531125e+01
1.125967260673026660e+00 5.131901730092434377e+01
1.135082724025199052e+00 5.036581886919073270e+01
1.144271983192780118e+00 4.942965766811314410e+01
1.153535635602601639e+00 4.851024558374399476e+01
1.162874283518061658e+00 4.760729899095290563e+01
1.172288534078292255e+00 4.672053869213734600e+01
1.181778999337624425e+00 4.584968985658079532e+01
1.191346296305379804e+00 4.499448196045138104e+01
1.200991046985987465e+00 4.415464872744358615e+01
1.210713878419420242e+00 4.332992807005542346e+01
1.220515422721964560e+00 4.252006203150173036e+01
1.230396317127307348e+00 4.172479672825913610e+01
1.240357204027978000e+00 4.094388229324128758e+01
1.250398731017103415e+00 4.017707281959782506e+01
1.260521550930514101e+00 3.942412630513864258e+01
1.270726321889185328e+00 3.868480459737573085e+01
1.281013707342025132e+00 3.795887326386209537e+01
1.291384376109010024e+00 3.724610087889487886e+01
1.301839002424657332e+00 3.654625934749450522e+01
1.312378265981874348e+00 3.585912429552126923e+01
1.323002851976137428e+00 3.518447501897968976e+01
1.333713451150041918e+00 3.452209442872461409e+01
1.344510759838209779e+00 3.387176899590227208e+01
1.355395480012560938e+00 3.323328869811867037e+01
1.366368319327952996e+00 3.260644696632667916e+01
1.377429991168179324e+00 3.199104063242612028e+01
1.388581214692361954e+00 3.138686987756538471e+01
1.399822714881699071e+00 3.079373818114300576e+01
1.411155222586599312e+00 3.021145227049429849e+01
1.422579474574197977e+00 2.963982207126255020e+01
1.434096213576256273e+00 2.907866065844272185e+01
1.445706188337452014e+00 2.852778420809069004e+01
1.457410153664047359e+00 2.798701194969375194e+01
1.469208870472978212e+00 2.745616611919197325e+01
1.481103105841311995e+00 2.693507191264312439e+01
1.493093633056122194e+00 2.642355744052572675e+01
1.505181231664761921e+00 2.592145368267399874e+01
1.517366687525544711e+00 2.542859444383131517e+01
1.529650792858839869e+00 2.494481630982466314e+01
1.542034346298565950e+00 2.446995860434383729e+01
1.554518152944128317e+00 2.400386334632538166e+01
1.567103024412752399e+00 2.354637520792971728e+01
1.579789778892251695e+00 2.309734147310692620e+01
1.592579241194220563e+00 2.265661199674422832e+01
1.605472242807659100e+00 2.222403916646477740e+01
1.618469621953033899e+00 2.179947786746912186e+01
1.631572223636762242e+00 2.138278543746838878e+01
1.644780899706165478e+00 2.097382162663024374e+01
1.658096508904840505e+00 2.057244855956530571e+01
1.671519916928491556e+00 2.017853069785425646e+01
1.685051996481213843e+00 1.979193480310900810e+01
1.698693627332228173e+00 1.941252990055977534e+01
1.712445696373084303e+00 1.904018724316398803e+01
1.726309097675306603e+00 1.867478027622961179e+01
1.740284732548539992e+00 1.831618460254552971e+01
1.754373509599135073e+00 1.796427794801656574e+01
1.768576344789222432e+00 1.761894012779121255e+01
1.782894161496263230e+00 1.728005301288240148e+01
1.797327890573080733e+00 1.694750049726988550e+01
1.811878470408383679e+00 1.662116846548133609e+01
1.826546846987757267e+00 1.630094476064554243e+01
1.841333973955188608e+00 1.598671915301155266e+01
1.856240812675051144e+00 1.567838330892768539e+01
1.871268332294611314e+00 1.537583076027578954e+01
1.886417509807034154e+00 1.507895687435372345e+01
1.901689330114903376e+00 1.478765882420094790e+01
1.917084786094255922e+00 1.450183555936173008e+01
1.932604878659117453e+00 1.422138777708092761e+01
1.948250616826599613e+00 1.394621789392459377e+01
1.964023017782480451e+00 1.367623001782353143e+01
1.979923106947344857e+00 1.341132992053096196e+01
1.995951918043246565e+00 1.315142500966554984e+01
2.012110493160915503e+00 1.289642427386506540e+01
2.028399882827513157e+00 1.264623825209905661e+01
2.044821146074912388e+00 1.240077904380275342e+01
2.061375350508575455e+00 1.215996028547656849e+01
2.078063572376945611e+00 1.192369712529147385e+01
2.094886896641421803e+00 1.169190619808248499e+01
2.111846417046896907e+00 1.146450560072513980e+01
2.128943236192864852e+00 1.124141486788813360e+01
2.146178465605109054e+00 1.102255494816003001e+01
2.163553225807951286e+00 1.080784818054124763e+01
2.181068646397123612e+00 1.059721827129982685e+01
2.198725866113194094e+00 1.039059027118285705e+01
2.216526032915600020e+00 1.018789055298162616e+01
2.234470304057285972e+00 9.989046789442788565e+00
2.252559846159937429e+00 9.793987931522938339e+00
2.270795835289831643e+00 9.602644186980693775e+00
2.289179457034284049e+00 9.414946999301987418e+00
2.307711906578748806e+00 9.230829026953569993e+00
2.326394388784507772e+00 9.050224122960738526e+00
2.345228118267005168e+00 8.873067314804037764e+00
2.364214319474816861e+00 8.699294784630978938e+00
2.383354226769255124e+00 8.528843849778221298e+00
2.402649084504620447e+00 8.361652943599622745e+00
2.422100147109088386e+00 8.197661596596001132e+00
2.441708679166287865e+00 8.036810417842417564e+00
2.461475955497499868e+00 7.879041076708419133e+00
2.481403261244541802e+00 7.724296284867540052e+00
2.501491891953320668e+00 7.572519776467613539e+00
2.521743153658059455e+00 7.423656275849827679e+00
2.542158362966211449e+00 7.277651490622926822e+00
2.562738847144042875e+00 7.134452103574925097e+00
2.583485944202945195e+00 6.994005756026367315e+00
2.604401002986411306e+00 6.856261031391119865e+00
2.625485383257728511e+00 6.721167439002365462e+00
2.646740455788385571e+00 6.588675398198929223e+00
2.668167602447187647e+00 6.458736222669406501e+00
2.689768216290106206e+00 6.331302105048706608e+00
2.711543701650821703e+00 6.206326101764898517e+00
2.733495474232057632e+00 6.083762118131233798e+00
2.755624961197600697e+00 5.963564893680618262e+00
2.777933601265087038e+00 5.845689987738439619e+00
2.800422844799542954e+00 5.730093765230582115e+00
2.823094153907676596e+00 5.616733382722554957e+00
2.845949002532938810e+00 5.505566774686793785e+00
2.868988876551330502e+00 5.396552639994509626e+00
2.892215273868036007e+00 5.289650428628606349e+00
2.915629704514783871e+00 5.184820328614430096e+00
2.939233690748027872e+00 5.082023253165117715e+00
2.963028767147912745e+00 4.981220828038171788e+00
2.987016480718043709e+00 4.882375379100031054e+00
3.011198390986066009e+00 4.785449920095938836e+00
3.035576070105037161e+00 4.690408140620990984e+00
3.060151102955667834e+00 4.597214394290491057e+00
3.084925087249339448e+00 4.505833687105641694e+00
3.109899633631985072e+00 4.416231666007161216e+00
3.135076365788799002e+00 4.328374603668297738e+00
3.160456920549803428e+00 4.242229380807276407e+00
3.186042947996265084e+00 4.157763485196596775e+00
3.211836111567955232e+00 4.074945002915066006e+00
3.237838088171326234e+00 3.993742607764131591e+00
3.264050568288511922e+00 3.914125550862140202e+00
3.290475256087237454e+00 3.836063650413678694e+00
3.317113869531615133e+00 3.759527281651425579e+00
3.343968140493831953e+00 3.684487366947690301e+00
3.371039814866752860e+00 3.610915366092834589e+00
3.398330652677404640e+00 3.538783266738197764e+00
3.425842428201436363e+00 3.468063575000744247e+00
3.453576930078445795e+00 3.398729306226891733e+00
3.481535961428274817e+00 3.330753975912982945e+00
3.509721339968233433e+00 3.264111590780164107e+00
3.538134898131279016e+00 3.198776640000644544e+00
3.566778483185152560e+00 3.134724086573558388e+00
3.595653957352454189e+00 3.071929358847682145e+00
3.624763197931748504e+00 3.010368342188662449e+00
3.654108097419589640e+00 2.950017370788578397e+00
3.683690563633567283e+00 2.890853219615497682e+00
3.713512519836338122e+00 2.832853096500813628e+00
3.743575904860666270e+00 2.775994634361922397e+00
3.773882673235480212e+00 2.720255883558542642e+00
3.804434795312913842e+00 2.665615304379972628e+00
3.835234257396451962e+00 2.612051759661544459e+00
3.866283061870035453e+00 2.559544507528118462e+00
3.897583227328252686e+00 2.508073194177764975e+00
3.929136788707573658e+00 2.457617844782721495e+00
3.960945797418651271e+00 2.408158856659522229e+00
3.993012321479695093e+00 2.359676994864264188e+00
4.025338445650893604e+00 2.312153385643211934e+00
4.057926271569995968e+00 2.265569509878533783e+00
4.090777917888916093e+00 2.219907196647978864e+00
4.123895520411482885e+00 2.175148616896579679e+00
4.157281232232294954e+00 2.131276277218611348e+00
4.190937223876701978e+00 2.088273013747881102e+00
4.224865683441927366e+00 2.046121986154666228e+00
4.259068816739289609e+00 2.004806671747433988e+00
4.293548847437660854e+00 1.964310859677734555e+00
4.328308017208002845e+00 1.924618645246475968e+00
4.363348585869110785e+00 1.885714424309845816e+00
4.398672831534539363e+00 1.847582887783432382e+00
4.434283050760702949e+00 1.810209016242672941e+00
4.470181558696197044e+00 1.773578074618138878e+00
4.506370689232279680e+00 1.737675606984148136e+00
4.542852795154655787e+00 1.702487431439011489e+00
4.579630248296405526e+00 1.667999635075428033e+00
4.616705439692195156e+00 1.634198569039621685e+00
4.654080779733729578e+00 1.601070843677566025e+00
4.691758698326463417e+00 1.568603323766983415e+00
4.729741645047549348e+00 1.536783123833572517e+00
4.768032089305141774e+00 1.505597603550137498e+00
4.806632520498908434e+00 1.475034363217218036e+00
4.845545448181884041e+00 1.445081239323697142e+00
4.884773402223625993e+00 1.415726299611241634e+00
4.924318932974689034e+00 1.386957835566293484e+00
4.964184611432443717e+00 1.358764360795345016e+00
5.004373029408187179e+00 1.331134608572527966e+00
5.044886799695703417e+00 1.304057527763028190e+00
5.085728556241090104e+00 1.277522278814023915e+00
5.126900954314016268e+00 1.251518229817723205e+00
5.168406670680345094e+00 1.226034952645049803e+00
5.210248403776162718e+00 1.201062219148950616e+00
5.252428873883222771e+00 1.176589997435976809e+00
5.294950823305763166e+00 1.152608448205020730e+00
5.337817016548849658e+00 1.129107921152118887e+00
5.381030240498069439e+00 1.106078951440013558e+00
5.424593304600726640e+00 1.083512256231548676e+00
5.468509041048490893e+00 1.061398731285600361e+00
5.512780304961532707e+00 1.039729447614670343e+00
5.557409974574153644e+00 1.018495648202856652e+00
5.602400951421871333e+00 9.976887447833193701e-01
5.647756160530115643e+00 9.773003146741169322e-01
5.693478550604357480e+00 9.573220976714665875e-01
5.739571094221826542e+00 9.377459929993452459e-01
5.786036788024765620e+00 9.185640563144991111e-01
5.832878652915255202e+00 8.997684967659581590e-01
5.880099734251625243e+00 8.813516741079371331e-01
5.927703102046395500e+00 8.633060958653825390e-01
5.975691851165944257e+00 8.456244145510936061e-01
6.024069101531659420e+00 8.282994249336255166e-01
6.072837998322800246e+00 8.113240613545317226e-01
6.122001712180965782e+00 7.946913949679874634e-01
6.171563439416237529e+00 7.783946309966104371e-01
6.221526402214988316e+00 7.624271064721206415e-01
6.271893848849328990e+00 7.467822877878723675e-01
6.322669053888353652e+00 7.314537682511227379e-01
6.373855318410986293e+00 7.164352656802194241e-01
6.425455970220609103e+00 7.017206200458643295e-01
6.477474364061415635e+00 6.873037911557193791e-01
6.529913881836510114e+00 6.731788563815368498e-01
6.582777932827794665e+00 6.593400084281267892e-01
6.636069953917568043e+00 6.457815531433520606e-01
6.689793409812040181e+00 6.324979073684739994e-01
6.743951793266543149e+00 6.194835968281187100e-01
6.798548625312613503e+00 6.067332540591481305e-01
6.853587455486907842e+00 5.942416163777539673e-01
6.909071862061978209e+00 5.820035238841033687e-01
6.965005452278909104e+00 5.700139175038654304e-01
7.021391862581797483e+00 5.582678370659308609e-01
7.078234758854242692e+00 5.467604194157225095e-01
7.135537836657625199e+00 5.354868965634617117e-01
7.193304821471387278e+00 5.244425938667039988e-01
7.251539468935233934e+00 5.136229282466194812e-01
7.310245565093306475e+00 5.030234064373518832e-01
7.369426926640331388e+00 4.926396232678782461e-01
7.429087401169713445e+00 4.824672599758130231e-01
7.489230867423759541e+00 4.725020825525393930e-01
7.549861235545788141e+00 4.627399401191562012e-01
7.610982447334370349e+00 4.531767632937554469e-01
7.672598476499582709e+00 4.438085619067491105e-01
7.734713328921367648e+00 4.346314236013156806e-01
7.797331042909973142e+00 4.256415130455330487e-01
7.860455689468450302e+00 4.168350704754569813e-01
7.924091372557402480e+00 4.082084102385152846e-01
7.988242229361743441e+00 3.997579193642195605e-01
8.052912430559688417e+00 3.914800561617656216e-01
8.118106180593896326e+00 3.833713488439841055e-01
8.183827717944827995e+00 3.754283941771954236e-01
8.250081315406307070e+00 3.676478561564625602e-01
8.316871280363260510e+00 3.600264647058192824e-01
8.384201955071841184e+00 3.525610144029736048e-01
8.452077716941673202e+00 3.452483632280737291e-01
8.520502978820461593e+00 3.380854313360816543e-01
8.589482189280888136e+00 3.310691998523216939e-01
8.659019832909820025e+00 3.241967096907760193e-01
8.729120430599900615e+00 3.174650603947257732e-01
8.799788539843389046e+00 3.108714089993112051e-01
8.871028755028563140e+00 3.044129689156202523e-01
8.942845707738356964e+00 2.980870088359004466e-01
9.015244067051483512e+00 2.918908516595088432e-01
9.088228539845990994e+00 2.858218734392305449e-01
9.161803871105281161e+00 2.798775023475693624e-01
9.235974844226605640e+00 2.740552176626627756e-01
9.310746281331987007e+00 2.683525487734456649e-01
9.386123043581831027e+00 2.627670742037125362e-01
9.462110031490883699e+00 2.572964206547384558e-01
9.538712185246865261e+00 2.519382620241291670e-01
9.615934485031644385e+00 2.466903182958287977e-01
9.693781951345011194e+00 2.415503548087661323e-01
9.772259645331100586e+00 2.365161814568770005e-01
9.851372669107373525e+00 2.315856518180763324e-01
9.931126166096410302e+00 2.267566622997843617e-01
1.001152532136025108e+01 2.220271513007726905e-01
1.009257536193750227e+01 2.173950983890586830e-01
1.017428155718316951e+01 2.128585234955200356e-01
1.025664921911123528e+01 2.084154861229535471e-01
1.033968370274003234e+01 2.040640845702947626e-01
1.042339040644031911e+01 1.998024551716899855e-01
1.050777477228635526e+01 1.956287715501805469e-01
1.059284228640964010e+01 1.915412438856896327e-01
1.067859847935559792e+01 1.875381181970736111e-01
1.076504892644315170e+01 1.836176756379552522e-01
1.085219924812717629e+01 1.797782318060904827e-01
1.094005511036394296e+01 1.760181360660167671e-01
1.102862222497939015e+01 1.723357708847275682e-01
1.111790635004059524e+01 1.687295511801305825e-01
1.120791329023004934e+01 1.651979236820569630e-01
1.129864889722305321e+01 1.617393663055760322e-01
1.139011907006816493e+01 1.583523875363933020e-01
1.148232975557071356e+01 1.550355258280934345e-01
1.157528694867944097e+01 1.517873490110231149e-01
1.166899669287617414e+01 1.486064537125749152e-01
1.176346508056886364e+01 1.454914647886754453e-01
1.185869825348757622e+01 1.424410347656261955e-01
1.195470240308383048e+01 1.394538432084869994e-01
1.205148377093310508e+01 1.365285961084307664e-01
1.214904864914064397e+01 1.336640255199979532e-01
1.224740338075054069e+01 1.308588890660088710e-01
1.234655436015803431e+01 1.281119694307896739e-01
1.244650803352536883e+01 1.254220738632503274e-01
1.254727089920079308e+01 1.227880336896139263e-01
1.264884950814105480e+01 1.202087038356268733e-01
1.275125046433731768e+01 1.176829623580629980e-01
1.285448042524449441e+01 1.152097099853467144e-01
1.295854610221410752e+01 1.127878696671220371e-01
1.306345426093051820e+01 1.104163861325941492e-01
1.316921172185093170e+01 1.080942254574828038e-01
1.327582536064872087e+01 1.058203746394167227e-01
1.338330210866047132e+01 1.035938411816124394e-01
1.349164895333660041e+01 1.014136526846781128e-01
1.360087293869564462e+01 9.927885644638824447e-02
1.371098116578224335e+01 9.718851906927243600e-02
1.382198079312869510e+01 9.514172607587818853e-02
1.393387903722052279e+01 9.313758153155302089e-02
1.404668317296552260e+01 9.117520767460464415e-02
1.416040053416678113e+01 8.925374455369759763e-02
1.427503851399944779e+01 8.737234967235102401e-02
1.439060456549141698e+01 8.553019764039598849e-02
1.450710620200788270e+01 8.372647983226594315e-02
1.462455099773971590e+01 8.196040405198161405e-02
1.474294658819604109e+01 8.023119420470756213e-02
1.486230067070054339e+01 7.853808996939092013e-02
1.498262100489192861e+01 7.688034640663578279e-02
1.510391541322840858e+01 7.525723367450572188e-02
1.522619178149625796e+01 7.366803679231453961e-02
1.534945805932252938e+01 7.211205534440265352e-02
1.547372226069178147e+01 7.058860318791429500e-02
1.559899246446726373e+01 6.909700816633970732e-02
1.572527681491602713e+01 6.763661182870152333e-02
1.585258352223844902e+01 6.620676915428977405e-02
1.598092086310202298e+01 6.480684828282529120e-02
1.611029718117942267e+01 6.343623024995498350e-02
1.624072088769101185e+01 6.209430872797274542e-02
1.637220046195156442e+01 6.078048977166251171e-02
1.650474445192169171e+01 5.949419156917058055e-02
1.663836147476348870e+01 5.823484419780082522e-02
1.677306021740077568e+01 5.700188938464666177e-02
1.690884943708386245e+01 5.579478027195817341e-02
1.704573796195892044e+01 5.461298118715761374e-02
1.718373469164192358e+01 5.345596741740944735e-02
1.732284859779714026e+01 5.232322498865944749e-02
1.746308872472060258e+01 5.121425044905395657e-02
1.760446418992798101e+01 5.012855065665398901e-02
1.774698418474736883e+01 4.906564257136297735e-02
1.789065797491685572e+01 4.802505305098319494e-02
1.803549490118691878e+01 4.700631865132217507e-02
1.818150437992773760e+01 4.600898543026964854e-02
1.832869590374125579e+01 4.503260875576869243e-02
1.847707904207850760e+01 4.407675311760136938e-02
1.862666344186166612e+01 4.314099193090337875e-02
1.877745882811121803e+01 4.222490731223448729e-02
1.892947500457825072e+01 4.132808994687787313e-02
1.908272185438181978e+01 4.045013893263872673e-02
1.923720934065152122e+01 3.959066160927172950e-02
1.939294750717508364e+01 3.874927339130895820e-02
1.954994647905157734e+01 3.792559760422908877e-02
1.970821646334952604e+01 3.711926532390077277e-02
1.986776774977055737e+01 3.632991521923426698e-02
2.002861071131835047e+01 3.555719339798175255e-02
2.019075580497304756e+01 3.480075325562073663e-02
2.035421357237111906e+01 3.406025532726308924e-02
2.051899464049057542e+01 3.333536714252788996e-02
2.068510972234207657e+01 3.262576308331943675e-02
2.085256961766529216e+01 3.193112424445749414e-02
2.102138521363105284e+01 3.125113829709696284e-02
2.119156748554916803e+01 3.058549935488801691e-02
2.136312749758197427e+01 2.993390784281827269e-02
2.153607640346369578e+01 2.929607036868757050e-02
2.171042544722542544e+01 2.867169959716066308e-02
2.188618596392638338e+01 2.806051412634846809e-02
2.206336938039068940e+01 2.746223836686798384e-02
2.224198721595029582e+01 2.687660242333051244e-02
2.242205108319390661e+01 2.630334197821305314e-02
2.260357268872196101e+01 2.574219817806105634e-02
2.278656383390773854e+01 2.519291752198225126e-02
2.297103641566448573e+01 2.465525175238177102e-02
2.315700242721906932e+01 2.412895774764254805e-02
2.334447395889159083e+01 2.361379739734874306e-02
2.353346319888141380e+01 2.310953748737723523e-02
2.372398243405960017e+01 2.261594963265770725e-02
2.391604405076769879e+01 2.213281018180318985e-02
2.410966053562308886e+01 2.165990012015350102e-02
2.430484447633058309e+01 2.119700497477826004e-02
2.450160856250109731e+01 2.074391472140180853e-02
2.469996558647642360e+01 2.030042369321101089e-02
2.489992844416099160e+01 1.986633049150661467e-02
2.510151013586026281e+01 1.944143789816592943e-02
2.530472376712597082e+01 1.902555278987469803e-02
2.550958254960798399e+01 1.861848605409832658e-02
2.571609980191350431e+01 1.822005250675428484e-02
2.592428895047279269e+01 1.783007081155273815e-02
2.613416353041209561e+01 1.744836340097268360e-02
2.634573718643363804e+01 1.707475639884011021e-02
2.655902367370268280e+01 1.670907954447619498e-02
2.677403685874188355e+01 1.635116611838457329e-02
2.699079072033257987e+01 1.600085286944685423e-02
2.720929935042390113e+01 1.565797994359575257e-02
2.742957695504876980e+01 1.532239081393637660e-02
2.765163785524748974e+01 1.499393221228731247e-02
2.787549648799884139e+01 1.467245406211228551e-02
2.810116740715867678e+01 1.435780941281494805e-02
2.832866528440615639e+01 1.404985437536908702e-02
2.855800491019741827e+01 1.374844805925824580e-02
2.878920119472745043e+01 1.345345251069757046e-02
2.902226916889927466e+01 1.316473265015878635e-02
2.925722398530117374e+01 1.288215619127022413e-02
2.949408091919186603e+01 1.260559359277334604e-02
2.973285536949355290e+01 1.233491801851525731e-02
2.997356285979315516e+01 1.207000528184714282e-02
3.021621903935130860e+01 1.181073379084008300e-02
3.046083968412013121e+01 1.155698449462151320e-02
3.070744069776863583e+01 1.130864083080939178e-02
3.095603811271674033e+01 1.106558867402227149e-02
3.120664809117761962e+01 1.082771628544306440e-02
3.145928692620843137e+01 1.059491426341552592e-02
3.171397104276967838e+01 1.036707549505252318e-02
3.197071699879279194e+01 1.014409510883519140e-02
3.222954148625699133e+01 9.925870428183635949e-03
3.249046133227426481e+01 9.712300925978830171e-03
3.275349350018338157e+01 9.503288180016833397e-03
3.301865509065279269e+01 9.298735829376267997e-03
3.328596334279233560e+01 9.098549531680663952e-03
3.355543563527416495e+01 8.902636921237447667e-03
3.382708948746227406e+01 8.710907568035603302e-03
3.410094256055190698e+01 8.523272937585145079e-03
3.437701265871749712e+01 8.339646351580801836e-03
3.465531773027028350e+01 8.159942949373173715e-03
3.493587586882517115e+01 7.984079650231474395e-03
3.521870531447705588e+01 7.811975116381359927e-03
3.550382445498674855e+01 7.643549716802020000e-03
3.579125182697618612e+01 7.478725491767456920e-03
3.608100611713393135e+01 7.317426118116795129e-03
3.637310616342981717e+01 7.159576870363019464e-03
3.666757095633972341e+01 7.005104573551344284e-03
3.696441964008023007e+01 6.853937586690624084e-03
3.726367151385324661e+01 6.706005775776185604e-03
3.756534603310078069e+01 6.561240482361198161e-03
3.786946281076954079e+01 6.419574492777951197e-03
3.817604161858646705e+01 6.280942007995565443e-03
3.848510238834386143e+01 6.145278614101009305e-03
3.879666521319532535e+01 6.012521253390975574e-03
3.911075034896205693e+01 5.882608196061564661e-03
3.942737821544977805e+01 5.755479012484116148e-03
3.974656939777636921e+01 5.631074546054630134e-03
4.006834464770987125e+01 5.509336886605383822e-03
4.039272488501809732e+01 5.390209344367043534e-03
4.071973119882839853e+01 5.273636424469867190e-03
4.104938484899879825e+01 5.159563801973346929e-03
4.138170726750020378e+01 5.047938297412803664e-03
4.171672005980977360e+01 4.938707852852984061e-03
4.205444500631560345e+01 4.831821508437719910e-03
4.239490406373248987e+01 4.727229379425747224e-03
4.273811936652986532e+01 4.624882633702739887e-03
4.308411322837049084e+01 4.524733469759339467e-03
4.343290814356128493e+01 4.426735095126301152e-03
4.378452678851571278e+01 4.330841705256677915e-03
4.413899202322809856e+01 4.237008462846299055e-03
4.449632689275988184e+01 4.145191477583332583e-03
4.485655462873756250e+01 4.055347786318131212e-03
4.521969865086354190e+01 3.967435333465967572e-03
4.558578256843841103e+01 3.881412942973730233e-03
4.595483018189595015e+01 3.797240296418080089e-03
4.632686548435047058e+01 3.714877928128739772e-03
4.670191266315671896e+01 3.634287208364846145e-03
4.707999610148243619e+01 3.555430325726811024e-03
4.746114037989330825e+01 3.478270269935939372e-03
4.784537027795146713e+01 3.402770814974211654e-03
4.823271077582624144e+01 3.328896502576837377e-03
4.862318705591822976e+01 3.256612626070107090e-03
4.901682450449654738e+01 3.185885214547422208e-03
4.941364871334923947e+01 3.116681017376457530e-03
4.981368548144720165e+01 3.048967489030610795e-03
5.021696081662111766e+01 2.982712774237843752e-03
5.062350093725284239e+01 2.917885693440501471e-03
5.103333227397960314e+01 2.854455728559494518e-03
5.144648147141242589e+01 2.792393009056551301e-03
5.186297538986842426e+01 2.731668298288335902e-03
5.228284110711706489e+01 2.672252980146344256e-03
5.270610592014067919e+01 2.614119045976695793e-03
5.313279734690880218e+01 2.557239081773804521e-03
5.356294312816770287e+01 2.501586255642492072e-03
5.399657122924362795e+01 2.447134305522651997e-03
5.443370984186095285e+01 2.393857527171319288e-03
5.487438738597504795e+01 2.341730762396433945e-03
5.531863251161998107e+01 2.290729387537389361e-03
5.576647410077122657e+01 2.240829302186920623e-03
5.621794126922299029e+01 2.192006918149565740e-03
5.667306336848178461e+01 2.144239147567933608e-03
5.713186998767420022e+01 2.097503382929739261e-03
5.759439095547075027e+01 2.051777492168114277e-03
5.806065634202512626e+01 2.007039814935353099e-03
5.853069646092916400e+01 1.963269152670699558e-03
5.900454187118375415e+01 1.920444758799887608e-03
5.948222337918515734e+01 1.878546329142172103e-03
5.996377204072848599e+01 1.837553992520267378e-03
6.044921916302629228e+01 1.797448301569077320e-03
6.093859630674417360e+01 1.758210223738789933e-03
6.143193528805249315e+01 1.719821132488550362e-03
6.192926818069499006e+01 1.682262798666341302e-03
6.243062731807406607e+01 1.645517382071406834e-03
6.293604529535244296e+01 1.609567423195169779e-03
6.344555497157298163e+01 1.574395835137034532e-03
6.395918947179453085e+01 1.539985895691267691e-03
6.447698218924557523e+01 1.506321239601314402e-03
6.499896678749527723e+01 1.473385850978182685e-03
6.552517720264211221e+01 1.441164055879243277e-03
6.605564764552016754e+01 1.409640515044124735e-03
6.659041260392298511e+01 1.378800216784441214e-03
6.712950684484636099e+01 1.348628470023996223e-03
6.767296541674822663e+01 1.319110897486394304e-03
6.822082365182734520e+01 1.290233429026807358e-03
6.877311716832046784e+01 1.261982295105021617e-03
6.932988187281796399e+01 1.234344020396607646e-03
6.989115396259836643e+01 1.207305417539442571e-03
7.045696992798113456e+01 1.180853581012119864e-03
7.102736655469986715e+01 1.154975878222754210e-03
7.160238092629330708e+01 1.129659937197655291e-03
7.218205042651641179e+01 1.104893649313924047e-03
7.276641274177083574e+01 1.080665165775320088e-03
7.335550586355500968e+01 1.056962892046506156e-03
7.394936809093431407e+01 1.033775482406625945e-03
7.454803803303040866e+01 1.011091834619691704e-03
7.515155461153221950e+01 9.889010847192354625e-04
7.575995706322582635e+01 9.671926019047879120e-04
7.637328494254551003e+01 9.459559835477441767e-04
7.699157812414536295e+01 9.251810503043023538e-04
7.761487680549163315e+01 9.048578413331594041e-04
7.824322150947627108e+01 8.849766096156775914e-04
7.887665308705093992e+01 8.655278173763807136e-04
7.951521271988364958e+01 8.465021316015575127e-04
8.015894192303565546e+01 8.278904196539058806e-04
8.080788254766055445e+01 8.096837449811432417e-04
8.146207678372525152e+01 7.918733629165407989e-04
8.212156716275282520e+01 7.744507165694588125e-04
8.278639656058786045e+01 7.574074328038703056e-04
8.345660820018329673e+01 7.407353183030612786e-04
8.413224565441144875e+01 7.244263557186056326e-04
8.481335284889625825e+01 7.084726999018295564e-04
8.549997406486916418e+01 6.928666742159640809e-04
8.619215394204795189e+01 6.776007669272987848e-04
8.688993748153906438e+01 6.626676276736005169e-04
8.759337004876333310e+01 6.480600640081409089e-04
8.830249737640473029e+01 6.337710378853937026e-04
8.901736556738462980e+01 6.197936577524805132e-04
8.973802109785840742e+01 6.061211746042788904e-04
9.046451082023723700e+01 5.927469848072679671e-04
9.119688196623411613e+01 5.796646273481043717e-04
9.193518214993457605e+01 5.668677807482391503e-04
9.267945937089238839e+01 5.543502600456843166e-04
9.342976201724957264e+01 5.421060138424680687e-04
9.418613886888321929e+01 5.301291214163290910e-04
9.494863910057623002e+01 5.184137898952285561e-04
9.571731228521447576e+01 5.069543514933111264e-04
9.649220839700976171e+01 4.957452608069637173e-04
9.727337781474875555e+01 4.847810921696560685e-04
9.806087132506854687e+01 4.740565370642492362e-04
9.885474012575770075e+01 4.635664015915478306e-04
9.965503582908593216e+01 4.533056039938401695e-04
1.004618104651588055e+02 4.432691722322147513e-04
1.012751164853006856e+02 4.334522416164918656e-04
1.020950067654647313e+02 4.238500524866075378e-04
1.029215346096705304e+02 4.144579479443267871e-04
1.037547537534698137e+02 4.052713716341690389e-04
1.045947183674392278e+02 3.962858655724910335e-04
1.054414830607033196e+02 3.874970680236628135e-04
1.062951028844840238e+02 3.789007114222953630e-04
1.071556333356800366e+02 3.704926203405249229e-04
1.080231303604748376e+02 3.622687094993737571e-04
1.088976503579739585e+02 3.542249818232111542e-04
1.097792501838717953e+02 3.463575265363643589e-04
1.106679871541473830e+02 3.386625166586068928e-04
1.115639190487917318e+02 3.311362026440749099e-04
1.124671041155636857e+02 3.237749137545990925e-04
1.133776010737768161e+02 3.165750590416360928e-04
1.142954691181171967e+02 3.095331256202213301e-04
1.152207679224916603e+02 3.026456769618412796e-04
1.161535576439077744e+02 2.959093512251062519e-04
1.170938989263839858e+02 2.893208596233682846e-04
1.180418529048934602e+02 2.828769848284551076e-04
1.189974812093380621e+02 2.765745794096923968e-04
1.199608459685551054e+02 2.704105643074487049e-04
1.209320098143567321e+02 2.643819273403930623e-04
1.219110358856018479e+02 2.584857217457377492e-04
1.228979878323010411e+02 2.527190647516990019e-04
1.238929298197541016e+02 2.470791361814742297e-04
1.248959265327226262e+02 2.415631770880132575e-04
1.259070431796348544e+02 2.361684884188989186e-04
1.269263454968250642e+02 2.308924297106604848e-04
1.279538997528075299e+02 2.257324178118618493e-04
1.289897727525849120e+02 2.206859256343194427e-04
1.300340318419908101e+02 2.157504809318129687e-04
1.310867449120692072e+02 2.109236651056889075e-04
1.321479804034877645e+02 2.062031120367376525e-04
1.332178073109873537e+02 2.015865069427694373e-04
1.342962951878676847e+02 1.970715852613107936e-04
1.353835141505094839e+02 1.926561315568560461e-04
1.364795348829328248e+02 1.883379784521348893e-04
1.375844286413919235e+02 1.841150055812797637e-04
1.386982672590090431e+02 1.799851371944728696e-04
1.398211231504437535e+02 1.759463388401316111e-04
1.409530693166010451e+02 1.719966198812714194e-04
1.420941793493773844e+02 1.681340332303263546e-04
1.432445274364452530e+02 1.643566743860758964e-04
1.444041883660765109e+02 1.606626804922942151e-04
1.455732375320037306e+02 1.570502294176079534e-04
1.467517509383232834e+02 1.535175388560833308e-04
1.479398052044356291e+02 1.500628654480559536e-04
1.491374775700268742e+02 1.466845039207380439e-04
1.503448459000904052e+02 1.433807862481478322e-04
1.515619886899892208e+02 1.401500808299131480e-04
1.527889850705593346e+02 1.369907916885207313e-04
1.540259148132534790e+02 1.339013576845733840e-04
1.552728583353287206e+02 1.308802517496568407e-04
1.565298967050737815e+02 1.279259801363995383e-04
1.577971116470797881e+02 1.250370816853346191e-04
1.590745855475534540e+02 1.222121271081785712e-04
1.603624014596733218e+02 1.194497182871482672e-04
1.616606431089896319e+02 1.167484875899518272e-04
1.629693948988665113e+02 1.141070972000882123e-04
1.642887419159710589e+02 1.115242384621109768e-04
1.656187699358038969e+02 1.089986312415113754e-04
1.669595654282761075e+02 1.065290232988853187e-04
1.683112155633309897e+02 1.041141896780602589e-04
1.696738082166112349e+02 1.017529321078597393e-04
1.710474319751723158e+02 9.944407841719972744e-05
1.724321761432406674e+02 9.718648190044198293e-05
1.738281307480215503e+02 9.497901918121874696e-05
1.752353865455507957e+02 9.282058971356738899e-05
1.766540350265953805e+02 9.071011705876391761e-05
1.780841684226017492e+02 8.864654843914955464e-05
1.795258797116919993e+02 8.662885421031191191e-05
1.809792626247090368e+02 8.465602734534701261e-05
1.824444116513091956e+02 8.272708293092201316e-05
1.839214220461070681e+02 8.084105767485872502e-05
1.854103898348672885e+02 7.899700942496329468e-05
1.869114118207477020e+02 7.719401669883977312e-05
1.884245855905928408e+02 7.543117822442439843e-05
1.899500095212785880e+02 7.370761249099403031e-05
1.914877827861081983e+02 7.202245731039592762e-05
1.930380053612585414e+02 7.037486938826224196e-05
1.946007780322820224e+02 6.876402390497322349e-05
1.961762024006577008e+02 6.718911410614122610e-05
1.977643808903969784e+02 6.564935090239093312e-05
1.993654167547026077e+02 6.414396247821782461e-05
2.009794140826815578e+02 6.267219390971456470e-05
2.026064778061126788e+02 6.123330679095486512e-05
2.042467137062670020e+02 5.982657886883401059e-05
2.059002284207874425e+02 5.845130368616849748e-05
2.075671294506200013e+02 5.710679023286235352e-05
2.092475251670032605e+02 5.579236260494988811e-05
2.109415248185139831e+02 5.450735967133402154e-05
2.126492385381697261e+02 5.325113474804144892e-05
2.143707773505894068e+02 5.202305527981460016e-05
2.161062531792098298e+02 5.082250239725674684e-05
2.178557788535646296e+02 4.964886986757842272e-05
2.196194681166180089e+02 4.850156440064761214e-05
2.213974356321601249e+02 4.738000575250958356e-05
2.231897969922618472e+02 4.628362643566173647e-05
2.249966687247895720e+02 4.521187143461727467e-05
2.268181683009816823e+02 4.416419792799013871e-05
2.286544141430842672e+02 4.314007501695287194e-05
2.305055256320523256e+02 4.213898345990923513e-05
2.323716231153097453e+02 4.116041541323967447e-05
2.342528279145739134e+02 4.020387417797087720e-05
2.361492623337431951e+02 3.926887395223217488e-05
2.380610496668483336e+02 3.835493958936043676e-05
2.399883142060687931e+02 3.746160636151925604e-05
2.419311812498116581e+02 3.658841972870405951e-05
2.438897771108602228e+02 3.573493511300286006e-05
2.458642291245845684e+02 3.490071767799295631e-05
2.478546656572202380e+02 3.408534211314732379e-05
2.498612161142138461e+02 3.328839242313729705e-05
2.518840109486364440e+02 3.250946172191450308e-05
2.539231816696648707e+02 3.174815203145869261e-05
2.559788608511299515e+02 3.100407408508364543e-05
2.580511821401384509e+02 3.027684713519419665e-05
2.601402802657599409e+02 2.956609876538851474e-05
2.622462910477865989e+02 2.887146470680511935e-05
2.643693514055632363e+02 2.819258865861542726e-05
2.665095993668889491e+02 2.752912211256504482e-05
2.686671740769915004e+02 2.688072418183481993e-05
2.708422158075713924e+02 2.624706154223257774e-05
2.730348659659244390e+02 2.562780840506856433e-05
2.752452671041334042e+02 2.502264611387401076e-05
2.774735629283360936e+02 2.443126294945262766e-05
2.797198983080682524e+02 2.385335397885885911e-05
2.819844192856821792e+02 2.328862090771601455e-05
2.842672730858418504e+02 2.273677193580007523e-05
2.865686081250926236e+02 2.219752161581513774e-05
2.888885740215130227e+02 2.167059071528653513e-05
2.912273216044404194e+02 2.115570608150275819e-05
2.935850029242772052e+02 2.065260050943447401e-05
2.959617712623761463e+02 2.016101261256557595e-05
2.983577811410058871e+02 1.968068669656897014e-05
3.007731883333973428e+02 1.921137263576249010e-05
3.032081498738690470e+02 1.875282575228308230e-05
3.056628240680398676e+02 1.830480669791669093e-05
3.081373705031185182e+02 1.786708133852488457e-05
3.106319500582798696e+02 1.743942064100855680e-05
3.131467249151239116e+02 1.702160056275246419e-05
3.156818585682199796e+02 1.661340194349435553e-05
3.182375158357367013e+02 1.621461039956336063e-05
3.208138628701549919e+02 1.582501622043607466e-05
3.234110671690737604e+02 1.544441426755617207e-05
3.260292975860971865e+02 1.507260387536866949e-05
3.286687243418130606e+02 1.470938875451730908e-05
3.313295190348597430e+02 1.435457689715805901e-05
3.340118546530817980e+02 1.400798048434072441e-05
3.367159055847776585e+02 1.366941583507105409e-05
3.394418476300347720e+02 1.333870406289030489e-05
3.421898580121624036e+02 1.301567084265082164e-05
3.449601153892112393e+02 1.270014556920161437e-05
3.477527998655892816e+02 1.239196125349709405e-05
3.505680930037710823e+02 1.209095444971530173e-05
3.534061778361016195e+02 1.179696518376911216e-05
3.562672388766965810e+02 1.150983688318405218e-05
3.591514621334358139e+02 1.122941630831880529e-05
3.620590351200602868e+02 1.095555348490406199e-05
3.649901468683602275e+02 1.068810163787543153e-05
3.679449879404655235e+02 1.042691712647719098e-05
3.709237504412349153e+02 1.017185938061392059e-05
3.739266280307452917e+02 9.922790838427197790e-06
3.769538159368830179e+02 9.679576885074823867e-06
3.800055109680336614e+02 9.442085792691307536e-06
3.830819115258812531e+02 9.210188661507487701e-06
3.861832176183044680e+02 8.983759362108441432e-06
3.893096308723803531e+02 8.762674478808655512e-06
3.924613545474930447e+02 8.546813254124405494e-06
3.956385935485482150e+02 8.336057534322867800e-06
3.988415544392955780e+02 8.130291716028427190e-06
4.020704454557551912e+02 7.929402693866709708e-06
4.053254765197604570e+02 7.733279809127443792e-06
4.086068592526023053e+02 7.541814799427180259e-06
4.119148069887887118e+02 7.354901749353576938e-06
4.152495347899142075e+02 7.172437042073335734e-06
4.186112594586417117e+02 6.994319311885674122e-06
4.220001995527986765e+02 6.820449602655868725e-06
4.254165753995826549e+02 6.650732249186963997e-06
4.288606091098911293e+02 6.485073968451457102e-06
4.323325245927576930e+02 6.323383382337201653e-06
4.358325475699105596e+02 6.165570984200439000e-06
4.393609055904473166e+02 6.011549106349332481e-06
4.429178280456287098e+02 5.861231887912743266e-06
4.465035461837931621e+02 5.714535243095428564e-06
4.501182931253876518e+02 5.571376829821075883e-06
4.537623038781287619e+02 5.431676018763773901e-06
4.574358153522776433e+02 5.295353862768199459e-06
4.611390663760439566e+02 5.162333066659331282e-06
4.648722977111125374e+02 5.032537957441432105e-06
4.686357520682960285e+02 4.905894454886403365e-06
4.724296741233154648e+02 4.782330042511000011e-06
4.762543105327042099e+02 4.661773738942637782e-06
4.801099099498489977e+02 4.544156069673096673e-06
4.839967230411520518e+02 4.429409039198932217e-06
4.879150025023294006e+02 4.317466103548075341e-06
4.918650030748385120e+02 4.208262143191040244e-06
4.958469815624411581e+02 4.101733436335552737e-06
4.998611968478990093e+02 3.997817632603018511e-06
5.039079099098013899e+02 3.896453727085304953e-06
5.079873838395380403e+02 3.797582034779948483e-06
5.120998838583996076e+02 3.701144165401871004e-06
5.162456773348214938e+02 3.607082998569624681e-06
5.204250338017671993e+02 3.515342659363988574e-06
5.246382249742508748e+02 3.425868496235726471e-06
5.288855247670032895e+02 3.338607336740107777e-06
5.331672093122772367e+02 3.253507714253976993e-06
5.374835569778043691e+02 3.170519295871675016e-06
5.418348483848901651e+02 3.089592791611126893e-06
5.462213664266581645e+02 3.010679937586225355e-06
5.506433962864425666e+02 2.933733479274370879e-06
5.551012254563283932e+02 2.858707154886296054e-06
5.595951437558443331e+02 2.785555678844509221e-06
5.641254433507997419e+02 2.714234725376845660e-06
5.686924187722862598e+02 2.644700912230858179e-06
5.732963669358219931e+02 2.576911784514575716e-06
5.779375871606564488e+02 2.510825798668953953e-06
5.826163811892296280e+02 2.446402306576824451e-06
5.873330532067901686e+02 2.383601539813028922e-06
5.920879098611719655e+02 2.322384594039899708e-06
5.968812602827266574e+02 2.262713413552258927e-06
6.017134161044274379e+02 2.204550775975599720e-06
6.065846914821253222e+02 2.147860277120814867e-06
6.114954031149742377e+02 2.092606315998868072e-06
6.164458702660214158e+02 2.038754079998179877e-06
6.214364147829634248e+02 1.986269530227548360e-06
6.264673611190715974e+02 1.935119387026958550e-06
6.315390363542819614e+02 1.885271115648645458e-06
6.366517702164661614e+02 1.836692912110337522e-06
6.418058951028638148e+02 1.789353689222521703e-06
6.470017461016942661e+02 1.743223062791321584e-06
6.522396610139415998e+02 1.698271337998411293e-06
6.575199803753175729e+02 1.654469487113318565e-06
6.628430474783963291e+02 1.611789008808437372e-06
6.682092083949402195e+02 1.570201959215506176e-06
6.736188119983944489e+02 1.529681053325699976e-06
6.790722099865695327e+02 1.490199653883943310e-06
6.845697569045066757e+02 1.451731757287522910e-06
6.901118101675284606e+02 1.414251979745623973e-06
6.956987300844758693e+02 1.377735543696667056e-06
7.013308798811291354e+02 1.342158264480135172e-06
7.070086257238298231e+02 1.307496537259752831e-06
7.127323367432809391e+02 1.273727324194727996e-06
7.185023850585473610e+02 1.240828141855719648e-06
7.243191458012483963e+02 1.208777048882385496e-06
7.301829971399469059e+02 1.177552633879098413e-06
7.360943203047355610e+02 1.147134003545623888e-06
7.420534996120177311e+02 1.117500771039396811e-06
7.480609224895013085e+02 1.088633044566166409e-06
7.541169795013805697e+02 1.060511416195663512e-06
7.602220643737300634e+02 1.033116950899012583e-06
7.663765740201024528e+02 1.006431175804614087e-06
7.725809085673324716e+02 9.804360696692005414e-07
7.788354713815529067e+02 9.551140525608219061e-07
7.851406690944126012e+02 9.304479757504586810e-07
7.914969116295217191e+02 9.064211118090617768e-07
7.979046122290968697e+02 8.830171449067775605e-07
8.043641874808286047e+02 8.602201613111063187e-07
8.108760573449654885e+02 8.380146400808530216e-07
8.174406451816171284e+02 8.163854439526474274e-07
8.240583777782796915e+02 7.953177634682412845e-07
8.307296853775775389e+02 7.747969391011584878e-07
8.374550017052429212e+02 7.548086312138271454e-07
8.442347639983088357e+02 7.353388814891287934e-07
8.510694130335360796e+02 7.163741026268800903e-07
8.579593931560708597e+02 6.979010683106437008e-07
8.649051523083320490e+02 6.799069034512731017e-07
8.719071420591362767e+02 6.623790746993996660e-07
8.789658176330483457e+02 6.453053812192754683e-07
8.860816379399878997e+02 6.286739457166295193e-07
8.932550656050561884e+02 6.124732057133975753e-07
9.004865669986240846e+02 5.966919050623543369e-07
9.077766122666303090e+02 5.813190856949483235e-07
9.151256753611733075e+02 5.663440795957699417e-07
9.225342340713090152e+02 5.517565009973069896e-07
9.300027700541180593e+02 5.375462387887899604e-07
9.375317688660193198e+02 5.237034491331609663e-07
9.451217199943384912e+02 5.102185482863217522e-07
9.527731168891300513e+02 4.970822056129877976e-07
9.604864569952594593e+02 4.842853367936828150e-07
9.682622417847433098e+02 4.718190972175064198e-07
9.761009767893521030e+02 4.596748755555018241e-07
9.840031716334761995e+02 4.478442875095674561e-07
9.919693400672590542e+02 4.363191697320345483e-07
9.999999999999970441e+02 4.250915739111538098e-07
