halo_id,center_x,center_y,center_z,fof_mass_msun,fof_particle_count,M200c_msun,R200c_pkpc,N200c,mass_bin,nearest_halo_distance_pkpc,nearest_halo_mass_msun,nearest_more_massive_distance_pkpc,nearest_more_massive_mass_msun,significant_neighbor_distance_pkpc,significant_neighbor_mass_msun,significant_neighbor_distance_R200,neighbor_count_500pkpc,neighbor_count_1000pkpc,neighbor_count_2000pkpc,isolated
0,2.1451568359e+04,2.4893244629e+03,4.7230996094e+03,6.5224493325e+14,84056,3.3538748797e+14,9.9999503768e+02,43222,>12.5,3.3818477916e+03,1.0863506621e+13,nan,nan,nan,nan,inf,0,0,0,1
1,8.0542612305e+03,2.7554181641e+04,8.9148916016e+03,1.6691778481e+14,21511,1.1895539750e+14,9.9996421484e+02,15330,>12.5,1.7908516226e+03,9.2339806276e+11,4.2505995784e+04,3.3538748797e+14,2.7394903066e+04,7.9427752692e+13,2.7395883432e+01,0,0,3,1
2,3.1844656250e+04,3.3370449219e+04,3.5571222656e+04,1.4986207433e+14,19313,9.9905462672e+13,9.8236084909e+02,12875,>12.5,4.0942920479e+03,1.6683242310e+12,4.3060983276e+04,3.3538748797e+14,1.5316852864e+04,7.0317926426e+13,1.5591880395e+01,0,0,0,1
5,6.7881430664e+03,3.6860093750e+04,3.2381328125e+04,1.0435949859e+14,13449,9.3333041167e+13,9.5994634937e+02,12028,>12.5,2.3129963227e+03,4.2367675821e+12,3.7546064076e+04,1.1895539750e+14,1.0517232860e+04,5.0243718121e+13,1.0956063187e+01,0,0,0,1
4,3.7183777344e+04,3.1632673340e+03,3.8004800781e+04,1.1506781394e+14,14829,9.2060458962e+13,9.5594738004e+02,11864,>12.5,3.4945244487e+03,1.6372856407e+12,3.0665817561e+04,9.9905462672e+13,1.4685018460e+04,8.8250471998e+13,1.5361743509e+01,0,0,0,1
3,4.4822414062e+04,4.9739621094e+04,4.3264265625e+04,1.1845101840e+14,15265,8.8250471998e+13,9.4252460928e+02,11373,>12.5,1.9572712728e+03,1.2958611469e+12,1.4685018460e+04,9.2060458962e+13,9.0407703814e+03,6.3691187387e+13,9.5920788618e+00,0,0,1,1
6,1.4377958008e+04,4.3334679688e+04,1.7662358398e+03,9.3387357606e+13,12035,7.9427752692e+13,9.1004895042e+02,10236,>12.5,1.6450386843e+03,1.1018699572e+12,1.7737611533e+04,3.3538748797e+14,1.7737611533e+04,3.3538748797e+14,1.9490832361e+01,0,0,1,1
7,3.6406074219e+04,4.0465589844e+04,4.1502113281e+04,8.9810160718e+13,11574,7.0317926426e+13,8.7379243729e+02,9062,>12.5,2.2491509132e+03,7.1311161317e+12,1.5316852864e+04,9.9905462672e+13,1.5316852864e+04,9.9905462672e+13,1.7529166207e+01,0,0,0,1
9,4.4079707031e+04,4.5847460938e+04,4.7883992188e+04,8.2919592583e+13,10686,6.3691187387e+13,8.4531264367e+02,8208,>12.5,2.0457966499e+03,9.6995594827e+11,9.0407703814e+03,8.8250471998e+13,9.0407703814e+03,8.8250471998e+13,1.0695179410e+01,0,0,0,1
10,1.0325041992e+04,3.3173972656e+04,7.1902656250e+03,7.9598467731e+13,10258,5.7056688701e+13,8.1494331966e+02,7353,>12.5,2.2485170636e+03,4.1048535731e+12,9.3609799918e+03,1.1895539750e+14,9.3609799918e+03,1.1895539750e+14,1.1486663877e+01,0,0,0,1
8,9.8688515625e+03,2.3201263672e+04,9.5736552734e+03,8.6232963829e+13,11113,5.1508540677e+13,7.8770640817e+02,6638,>12.5,1.7831451422e+03,1.6760838786e+12,7.0733595381e+03,1.1895539750e+14,4.9257775046e+03,3.1752477923e+13,6.2533165320e+00,0,0,1,1
15,3.7728617188e+04,1.2427547852e+04,1.9069201660e+03,6.3698943711e+13,8209,5.0577382967e+13,7.8281952248e+02,6518,>12.5,1.8475808609e+03,1.4355348034e+12,2.4829238184e+04,9.2060458962e+13,7.0011486516e+03,5.0096284816e+13,8.9435028772e+00,0,0,1,1
17,4.0744702148e+02,3.4158914062e+04,3.3837210938e+04,5.8158558094e+13,7495,5.0243718121e+13,7.8098529135e+02,6475,>12.5,3.3657974825e+03,3.9496606214e+12,1.0517232860e+04,9.3333041167e+13,4.6448379607e+03,2.9168515276e+13,5.9474077325e+00,0,0,0,1
14,3.9876539062e+04,1.3024497070e+04,4.7754320312e+04,6.4684420318e+13,8336,5.0096284816e+13,7.8022203141e+02,6456,>12.5,2.6213545538e+03,1.2648225565e+13,7.0011486516e+03,5.0577382967e+13,6.5235715222e+03,4.7256253800e+13,8.3611731783e+00,0,0,0,1
13,4.0949203125e+04,9.6732392578e+03,4.5126542969e+04,6.5437107460e+13,8433,4.7256253800e+13,7.6532218639e+02,6090,>12.5,3.3105237198e+03,1.3812172703e+12,6.5235715222e+03,5.0096284816e+13,6.5235715222e+03,5.0096284816e+13,8.5239545360e+00,0,0,0,1
16,5.6766879883e+03,3.1420652344e+04,1.9335597656e+04,6.2092700036e+13,8002,4.6340615385e+13,7.6012473896e+02,5972,>12.5,3.4139090143e+03,1.6062470503e+12,1.6884038498e+04,1.1895539750e+14,1.0494895480e+04,2.3403097120e+13,1.3806806886e+01,0,0,0,1
18,1.3687856445e+04,2.6401869141e+04,7.8082480469e+03,5.6769582167e+13,7316,4.4881801638e+13,7.5220270064e+02,5784,>12.5,1.4632718015e+03,1.0087541862e+12,7.8525473382e+03,5.1508540677e+13,7.8525473382e+03,5.1508540677e+13,1.0439403277e+01,0,0,1,1
11,1.2312632812e+04,5.7480781250e+03,7.1486440430e+03,7.8457795731e+13,10111,3.7735166212e+13,7.1010246490e+02,4863,>12.5,1.3635095316e+03,7.9924370138e+11,1.4856126177e+04,3.3538748797e+14,7.5676850719e+03,2.4427370601e+13,1.0657173360e+01,0,0,1,1
19,2.5424138672e+04,3.7779546875e+04,2.4828278809e+03,5.1399906406e+13,6624,3.5865091143e+13,6.9805697014e+02,4622,>12.5,2.1914735035e+03,7.9924370138e+11,1.8397380498e+04,7.9427752692e+13,1.5532728974e+04,2.1401108043e+13,2.2251377235e+01,0,0,0,1
20,3.5174770508e+03,4.6384667969e+04,7.7875214844e+03,4.9002174926e+13,6315,3.5073607090e+13,6.9276188009e+02,4520,>12.5,1.6332392143e+03,2.4986065228e+12,1.8994412644e+04,7.9427752692e+13,1.2142211886e+04,2.4427370601e+13,1.7527251765e+01,0,0,1,1
25,2.9127814453e+04,3.5837003906e+04,3.0811091797e+04,4.0435522650e+13,5211,3.4576989644e+13,6.8933234449e+02,4456,>12.5,2.2486200948e+03,3.9419009738e+12,8.9279882942e+03,9.9905462672e+13,8.9279882942e+03,9.9905462672e+13,1.2951645698e+01,0,0,0,1
23,7.4689227295e+02,4.4886695312e+04,3.2789117188e+04,4.6480287857e+13,5990,3.3366484621e+13,6.8144100328e+02,4300,>12.5,2.4117761573e+03,1.1329085476e+12,1.4935114760e+04,9.3333041167e+13,6.7362081108e+03,2.6786303468e+13,9.8852403632e+00,0,0,0,1
21,6.5837758789e+03,4.0009929688e+04,4.5169378906e+04,4.8249487783e+13,6218,3.2691395281e+13,6.7639361183e+02,4213,>12.5,2.2132414401e+03,9.6995594827e+11,1.5951867064e+04,7.9427752692e+13,1.1594798227e+04,2.0252680200e+13,1.7142087128e+01,0,0,0,1
28,3.8877253906e+04,5.2432666016e+03,2.7716425781e+03,3.6990238582e+13,4767,3.2528442681e+13,6.7502957340e+02,4192,>12.5,2.6615700419e+03,2.8633099593e+12,1.0883440938e+04,5.0577382967e+13,9.7759722890e+03,1.9352561080e+13,1.4482287405e+01,0,0,0,1
12,1.1184207031e+04,2.0165710938e+04,9.3470781250e+03,7.0488635203e+13,9084,3.1752477923e+13,6.7026595557e+02,4092,>12.5,1.5053226540e+03,1.4432944510e+12,4.9257775046e+03,5.1508540677e+13,4.9257775046e+03,5.1508540677e+13,7.3489895520e+00,0,0,2,1
22,2.9999197266e+04,1.0724492188e+04,3.0854423828e+03,4.7442485517e+13,6114,3.1705920037e+13,6.7001854698e+02,4086,>12.5,4.7000050865e+03,2.5529240559e+12,1.1886627416e+04,5.0577382967e+13,1.1886627416e+04,5.0577382967e+13,1.7740743849e+01,0,0,0,1
32,4.7313144531e+04,2.8318515625e+04,8.4564785156e+03,3.3599273265e+13,4330,3.0115192282e+13,6.5820403630e+02,3881,>12.5,3.2936573026e+03,2.2347785048e+12,1.6010146005e+04,1.1895539750e+14,1.3380019948e+04,2.5800828224e+13,2.0328073378e+01,0,0,0,1
31,1.5394773438e+04,3.7031488281e+04,5.8478666992e+03,3.4235565675e+13,4412,2.9921201092e+13,6.5707824469e+02,3856,>12.5,2.9112854116e+03,8.3804193931e+11,9.6707495210e+03,5.7056688701e+13,8.9530829105e+03,1.9825899583e+13,1.3625596317e+01,0,0,0,1
26,3.3479084473e+03,3.4292886719e+04,3.2782093750e+04,3.8782717455e+13,4998,2.9168515276e+13,6.5156766263e+02,3759,>12.5,2.9828991253e+03,1.2260243186e+12,4.6448379607e+03,5.0243718121e+13,4.6448379607e+03,5.0243718121e+13,7.1287116091e+00,0,0,0,1
33,4.8848121643e+01,7.6340122070e+03,3.4618156250e+04,3.2512923641e+13,4190,2.7919212015e+13,6.4160789685e+02,3598,>12.5,1.6153097480e+03,4.0272570972e+12,1.9045682398e+04,8.8250471998e+13,1.0300300745e+04,2.0105246896e+13,1.6053887109e+01,0,0,1,1
29,3.7482309570e+03,4.1589640625e+04,3.3617335938e+04,3.5127922870e+13,4527,2.6786303468e+13,6.3313957337e+02,3452,>12.5,2.0110724820e+03,7.7596475862e+11,6.7362081108e+03,3.3366484621e+13,6.7362081108e+03,3.3366484621e+13,1.0639373045e+01,0,0,0,1
35,4.4169179688e+04,3.0227476562e+04,1.6678712891e+04,3.0053114367e+13,3873,2.5800828224e+13,6.2558921303e+02,3325,>12.5,5.9061322469e+03,1.7691996496e+12,1.3380019948e+04,3.0115192282e+13,1.3380019948e+04,3.0115192282e+13,2.1387868699e+01,0,0,0,1
30,1.0155692383e+04,1.1438502197e+03,7.4700346680e+03,3.4608028818e+13,4460,2.4427370601e+13,6.1416247314e+02,3148,>12.5,2.8939197634e+03,4.6402692565e+12,7.5676850719e+03,3.7735166212e+13,7.5676850719e+03,3.7735166212e+13,1.2321959421e+01,0,0,0,1
37,2.5558796387e+03,3.6677191406e+04,3.9296253906e+04,2.9184034306e+13,3761,2.3992830336e+13,6.1048463316e+02,3092,>12.5,2.0117988564e+03,1.8623154207e+12,9.4834356347e+03,5.0243718121e+13,5.2408223217e+03,2.0252680200e+13,8.5846916319e+00,0,0,0,1
36,6.2341328125e+03,3.4162144531e+04,2.5823279297e+04,2.9300429038e+13,3776,2.3403097120e+13,6.0483096794e+02,3016,>12.5,5.2302710757e+03,2.7624345407e+12,1.0494895480e+04,4.6340615385e+13,1.0494895480e+04,4.6340615385e+13,1.7351782624e+01,0,0,0,1
45,1.9030419922e+04,3.0453142578e+04,6.3279985352e+03,2.3775559696e+13,3064,2.1401108043e+13,5.8775986304e+02,2758,>12.5,2.9446707768e+03,1.2749100984e+13,1.0199588396e+04,4.4881801638e+13,2.9446707768e+03,1.2749100984e+13,5.0099895586e+00,0,0,0,1
39,5.0476782227e+02,4.3080003906e+04,2.6419519531e+04,2.7065650183e+13,3488,2.1307992272e+13,5.8664348476e+02,2746,>12.5,2.8871978627e+03,8.0700334896e+11,9.8414956785e+03,3.3366484621e+13,5.1047430841e+03,1.5961595085e+13,8.7016104615e+00,0,0,0,1
43,5.1029130859e+03,3.8487503906e+04,3.7658257812e+04,2.4442890097e+13,3150,2.0252680200e+13,5.7696550466e+02,2610,>12.5,2.6146756869e+03,1.1686029265e+13,5.2408223217e+03,2.3992830336e+13,2.6146756869e+03,1.1686029265e+13,4.5317712511e+00,0,0,0,1
34,4.3261894531e+04,7.9505820312e+03,3.6003671875e+04,3.0681647733e+13,3954,2.0105246896e+13,5.7549007361e+02,2591,>12.5,2.9105880170e+03,1.4277751559e+12,1.0300300745e+04,2.7919212015e+13,1.0300300745e+04,2.7919212015e+13,1.7898311746e+01,0,0,0,1
40,1.1041104492e+04,4.1198945312e+04,5.9199379883e+03,2.6964775353e+13,3475,1.9825899583e+13,5.7293256084e+02,2555,>12.5,2.0201658592e+03,1.1949857283e+12,8.5266471623e+03,7.9427752692e+13,8.5266471623e+03,7.9427752692e+13,1.4882462169e+01,0,0,0,1
38,2.3786273438e+04,4.8022234375e+04,2.6527496094e+04,2.7701942593e+13,3570,1.9546552270e+13,5.7027279245e+02,2519,>12.5,2.4041196698e+03,9.0011912000e+11,2.0762274671e+04,3.4576989644e+13,1.9568593292e+04,9.9401085579e+12,3.4314443107e+01,0,0,0,1
47,3.8149132812e+04,4.8720140625e+04,2.2913747559e+03,2.3356538660e+13,3010,1.9352561080e+13,5.6739392017e+02,2494,>12.5,4.6785918046e+03,3.8099869648e+12,9.7759722890e+03,3.2528442681e+13,9.7759722890e+03,3.2528442681e+13,1.7229603529e+01,0,0,0,1
50,3.3513031250e+04,3.8440031250e+04,3.6181472656e+04,2.0539787959e+13,2647,1.7668717554e+13,5.5108380298e+02,2277,>12.5,1.6331448478e+03,1.1639471379e+12,7.9795433289e+03,9.9905462672e+13,5.7795089940e+03,1.5922796847e+13,1.0487531956e+01,0,0,1,1
27,2.1351936035e+03,4.4406015625e+04,1.5834460938e+04,3.7354944493e+13,4814,1.6877233500e+13,5.4305519999e+02,2175,>12.5,2.4034835620e+03,8.0700334896e+11,1.2479398847e+04,3.5073607090e+13,3.5122576758e+03,1.1802423979e+13,6.4675887016e+00,0,0,0,1
51,4.0654710938e+04,5.1379165039e+03,4.1985050781e+04,2.0454431218e+13,2636,1.6559087949e+13,5.3927849198e+02,2134,>12.5,2.4133761430e+03,1.0553120717e+12,8.2069666978e+03,4.7256253800e+13,3.6642607190e+03,1.1538595961e+13,6.7947466355e+00,0,0,0,1
46,1.1342991943e+03,4.3226679688e+04,2.3044345703e+04,2.3674684866e+13,3051,1.5961595085e+13,5.3289429424e+02,2057,>12.5,5.1047430841e+03,2.1307992272e+13,5.1047430841e+03,2.1307992272e+13,5.1047430841e+03,2.1307992272e+13,9.5792789290e+00,0,0,0,1
24,3.1624794922e+04,3.5830718750e+04,3.3998789062e+04,4.1327883471e+13,5326,1.5922796847e+13,5.3252973469e+02,2052,>12.5,1.5036246460e+03,1.6683242310e+12,4.3495355570e+03,9.9905462672e+13,4.3495355570e+03,9.9905462672e+13,8.1676858092e+00,0,0,1,1
41,9.3010634766e+03,4.0998585938e+04,2.8404302734e+04,2.5040383659e+13,3227,1.5146832088e+13,5.2381380940e+02,1952,>12.5,2.0452600386e+03,4.3221237055e+12,9.3072931658e+03,9.3333041167e+13,9.3072931658e+03,9.3333041167e+13,1.7768323398e+01,0,0,0,1
53,1.7654187500e+04,3.3734164062e+04,2.0767810547e+04,1.9887977460e+13,2563,1.4976119841e+13,5.2183691773e+02,1930,>12.5,9.9749504305e+02,2.0951048483e+12,1.8245207007e+04,4.6340615385e+13,1.2116216503e+04,1.1670509970e+13,2.3218396575e+01,0,1,2,1
48,3.8498171875e+04,2.8703254395e+03,3.5940019531e+04,2.2603853331e+13,2913,1.4332069092e+13,5.1380081809e+02,1847,>12.5,2.3404517284e+03,8.9080754289e+12,3.6617802339e+03,9.2060458962e+13,2.3404517284e+03,8.9080754289e+12,4.5551732227e+00,0,0,0,1
49,1.1547856445e+04,2.9995720703e+04,7.5922172852e+03,2.1804610109e+13,2810,1.4130318254e+13,5.1164521235e+02,1821,>12.5,1.4435781720e+03,1.0397927765e+12,5.0936012557e+03,5.7056688701e+13,5.0936012557e+03,5.7056688701e+13,9.9553384507e+00,0,0,1,1
58,4.0242785156e+04,4.7931687500e+04,3.3490210938e+04,1.7420409141e+13,2245,1.3610421866e+13,5.0446473786e+02,1754,>12.5,3.9613475085e+03,9.2339806276e+11,8.5893250768e+03,1.4332069092e+13,8.5893250768e+03,1.4332069092e+13,1.7026611440e+01,0,0,0,1
61,1.8006673828e+04,2.3021439453e+04,7.5022163086e+03,1.6202144883e+13,2088,1.3369872791e+13,5.0245077215e+02,1723,>12.5,1.4050088010e+03,1.8079978876e+12,8.1595493712e+03,4.4881801638e+13,8.1595493712e+03,4.4881801638e+13,1.6239500113e+01,0,0,2,1
72,1.9022031250e+04,4.6232304688e+04,4.1609565430e+03,1.4588137631e+13,1880,1.3168121954e+13,4.9987281759e+02,1697,>12.5,4.4780453308e+03,9.5443665310e+11,8.8752351386e+03,7.9427752692e+13,6.8025505161e+03,1.2834457108e+13,1.3608562572e+01,0,0,0,1
66,1.3360600586e+04,3.9256582031e+04,4.3831792969e+04,1.5790882893e+13,2035,1.2989650059e+13,4.9750608309e+02,1674,>12.5,2.5687548142e+03,1.2493032614e+12,1.0321637852e+04,3.2691395281e+13,2.7488878757e+03,6.5025846772e+12,5.5253352053e+00,0,0,0,1
62,4.1074867188e+04,1.8002650391e+04,4.1176054688e+04,1.6046951303e+13,2068,1.2927572879e+13,4.9632033862e+02,1666,>12.5,2.6591755930e+03,1.4665733938e+12,1.2382889114e+04,5.0096284816e+13,3.1889104935e+03,1.1833462569e+13,6.4251054115e+00,0,0,0,1
71,1.7997421875e+04,4.1770503906e+04,4.2797802734e+03,1.5030437612e+13,1937,1.2834457108e+13,4.9542837489e+02,1654,>12.5,1.0751714257e+03,7.9148405379e+11,6.8025505161e+03,1.3168121954e+13,6.8025505161e+03,1.3168121954e+13,1.3730643744e+01,0,0,1,1
44,3.5240304688e+04,2.5784664062e+04,3.8667476562e+04,2.3853157393e+13,3074,1.2772379927e+13,4.9483673693e+02,1646,>12.5,1.8120471279e+03,1.2493032614e+12,1.3174574533e+04,9.9905462672e+13,2.7417050115e+03,9.6995594827e+12,5.5406254363e+00,0,0,1,1
67,1.8467050781e+04,2.8755476562e+04,7.1825546875e+03,1.5302025018e+13,1972,1.2749100984e+13,4.9363580896e+02,1643,>12.5,2.6607945061e+03,7.7596475862e+11,2.9446707768e+03,2.1401108043e+13,2.9446707768e+03,2.1401108043e+13,5.9652697866e+00,0,0,0,1
68,3.9425800781e+04,1.3409275391e+04,4.9416527344e+04,1.5154591389e+13,1953,1.2648225565e+13,4.9316906130e+02,1630,>12.5,1.7830054765e+03,1.1018699572e+12,2.6213545538e+03,5.0096284816e+13,2.6213545538e+03,5.0096284816e+13,5.3153264458e+00,0,0,1,1
78,3.9297429688e+04,3.7296261719e+04,3.7177996094e+04,1.3711297618e+13,1767,1.2128329177e+13,4.8637419463e+02,1563,>12.5,4.5368302308e+03,7.8372440620e+11,8.8829636352e+03,1.7668717554e+13,7.0938709244e+03,1.1460999485e+13,1.4585212379e+01,0,0,0,1
77,3.9204382812e+04,2.1878298828e+04,3.9209367188e+04,1.4013923922e+13,1806,1.1848981864e+13,4.8259488298e+02,1527,>12.5,1.4616190872e+03,4.7489043227e+12,7.0283923741e+03,1.2927572879e+13,3.9908012896e+03,1.1833462569e+13,8.2694645764e+00,0,0,1,1
69,4.0650710938e+04,1.9968906250e+04,4.0426007812e+04,1.5076995505e+13,1943,1.1833462569e+13,4.8212761604e+02,1525,>12.5,1.2329263430e+03,1.4665733938e+12,3.1889104935e+03,1.2927572879e+13,3.1889104935e+03,1.2927572879e+13,6.6142456632e+00,0,0,1,1
75,2.0605869141e+03,4.4215273438e+04,1.8190025391e+04,1.4145837649e+13,1823,1.1802423979e+13,4.8104749655e+02,1521,>12.5,1.4171511422e+03,6.6189793910e+12,3.5122576758e+03,1.6877233500e+13,1.4171511422e+03,6.6189793910e+12,2.9459692700e+00,0,0,2,0
81,4.8735972656e+04,2.2740943359e+04,7.5352827148e+03,1.3462988252e+13,1735,1.1732587150e+13,4.8092460520e+02,1512,>12.5,4.5059426933e+03,1.5441698697e+12,8.6592967359e+03,3.0115192282e+13,8.6592967359e+03,3.0115192282e+13,1.8005518208e+01,0,0,0,1
74,5.3783110352e+03,3.8593542969e+04,3.5922972656e+04,1.4332069220e+13,1847,1.1686029265e+13,4.7974487252e+02,1506,>12.5,2.6146756869e+03,2.0252680200e+13,2.6146756869e+03,2.0252680200e+13,2.6146756869e+03,2.0252680200e+13,5.4501378475e+00,0,0,0,1
79,2.5666138672e+04,3.5262003906e+04,2.0839015625e+04,1.3610421882e+13,1754,1.1670509970e+13,4.8021430355e+02,1504,>12.5,2.3856198282e+03,3.3288888145e+12,1.2116216503e+04,1.4976119841e+13,1.2116216503e+04,1.4976119841e+13,2.5230853004e+01,0,0,0,1
70,4.0001308594e+04,2.7769912109e+03,4.1695046875e+04,1.5061475603e+13,1941,1.1538595961e+13,4.7804252062e+02,1487,>12.5,1.7448858516e+03,3.0650607965e+12,3.6642607190e+03,1.6559087949e+13,3.6642607190e+03,1.6559087949e+13,7.6651355494e+00,0,0,1,1
65,3.7402847656e+04,2.8596751953e+04,2.0074947266e+04,1.5876239634e+13,2046,1.1507557370e+13,4.7747926927e+02,1483,>12.5,1.5010239271e+03,2.7081170076e+12,1.1503976131e+04,2.5800828224e+13,1.1503976131e+04,2.5800828224e+13,2.4093142616e+01,0,0,1,1
73,3.8868050781e+04,4.2042687500e+04,3.6872425781e+04,1.4502780889e+13,1869,1.1460999485e+13,4.7393022357e+02,1477,>12.5,4.5803723593e+03,9.2339806276e+11,7.0938709244e+03,1.2128329177e+13,5.8446226441e+03,1.1398922304e+13,1.2332242920e+01,0,0,0,1
56,3.5793582031e+04,4.4068562500e+04,3.8259707031e+04,1.8118777533e+13,2335,1.1398922304e+13,4.7591840269e+02,1469,>12.5,1.2267967913e+03,7.5656563965e+12,5.8446226441e+03,1.1460999485e+13,1.2267967913e+03,7.5656563965e+12,2.5777460681e+00,0,0,1,0
83,2.7430837891e+04,4.6939750000e+04,5.4977490234e+03,1.3408671315e+13,1728,1.1383403009e+13,4.7610287263e+02,1467,>12.5,3.5015895679e+03,2.2890960379e+12,1.2172432005e+04,3.3538748797e+14,4.3346089968e+03,1.0692794374e+13,9.1043537983e+00,0,0,0,1
76,2.3237662109e+04,1.2362399902e+03,5.3733525391e+03,1.4099279756e+13,1817,1.0863506621e+13,4.6882560529e+02,1400,>12.5,3.3818477916e+03,3.3538748797e+14,3.3818477916e+03,3.3538748797e+14,3.3818477916e+03,3.3538748797e+14,7.2134451562e+00,0,0,0,1
82,1.3404577148e+04,3.5794402344e+04,6.9486542969e+03,1.3424190310e+13,1730,1.0770390850e+13,4.6731426022e+02,1388,>12.5,2.4652910312e+03,9.0011912000e+11,3.8458326307e+03,2.9921201092e+13,3.8458326307e+03,2.9921201092e+13,8.2296496342e+00,0,0,0,1
63,2.8801220703e+04,4.9513179688e+04,5.3770112305e+03,1.5922797527e+13,2052,1.0692794374e+13,4.6618849220e+02,1378,>12.5,4.3346089968e+03,1.1383403009e+13,4.3346089968e+03,1.1383403009e+13,4.3346089968e+03,1.1383403009e+13,9.2979751095e+00,0,0,0,1
86,4.7720678711e+03,2.5414265625e+04,3.6347660156e+04,1.2330079829e+13,1589,1.0576399660e+13,4.6473448423e+02,1363,>12.5,4.1479303632e+03,1.0320331290e+12,1.4369030652e+04,2.9168515276e+13,1.4369030652e+04,2.9168515276e+13,3.0918795870e+01,0,0,0,1
91,1.3417494141e+04,1.6049334961e+04,8.3883359375e+03,1.1569634549e+13,1491,1.0149619043e+13,4.5826928016e+02,1308,>12.5,4.4233905277e+03,1.0165138338e+12,7.1008679247e+03,3.1752477923e+13,7.1008679247e+03,3.1752477923e+13,1.5494968204e+01,0,0,0,1
54,3.3724992188e+04,2.8681904297e+04,3.7068187500e+04,1.9717263977e+13,2541,9.9711471482e+12,4.5504896421e+02,1285,>12.5,3.2631796458e+03,1.2415436138e+12,5.4066640874e+03,1.2772379927e+13,4.6762567627e+03,9.6995594827e+12,1.0276381512e+01,0,0,0,1
90,2.8092585938e+04,3.5795406250e+04,2.8873445312e+04,1.1623952393e+13,1498,9.9401085579e+12,4.5472874958e+02,1281,>12.5,2.2507488344e+03,3.9419009738e+12,3.2638871246e+03,3.4576989644e+13,3.2638871246e+03,3.4576989644e+13,7.1776572904e+00,0,0,0,1
52,3.6291687500e+04,2.6990091797e+04,3.7746496094e+04,2.0113006066e+13,2592,9.6995594827e+12,4.5151329394e+02,1250,>12.5,2.7417050115e+03,1.2772379927e+13,2.7417050115e+03,1.2772379927e+13,2.7417050115e+03,1.2772379927e+13,6.0722575576e+00,0,0,0,1
80,2.2034992188e+04,3.5850839233e+02,1.9787013672e+04,1.3563863989e+13,1748,9.4978086455e+12,4.4718133373e+02,1224,>12.5,1.4366374545e+03,1.2105050234e+12,1.0911611823e+04,1.9546552270e+13,4.4318634081e+03,5.2377621207e+12,9.9106627981e+00,0,0,1,1
85,4.5435498047e+03,2.7906357422e+04,4.7451019531e+04,1.3051727168e+13,1682,9.4046928745e+12,4.4659027557e+02,1212,>12.5,8.5743837173e+03,5.2222428255e+12,1.6907139202e+04,1.0576399660e+13,8.5743837173e+03,5.2222428255e+12,1.9199665077e+01,0,0,0,1
88,2.6672425781e+04,3.0861848145e+03,3.7245261719e+04,1.1732587174e+13,1512,9.0943069710e+12,4.4152264228e+02,1172,>12.5,3.0726591605e+03,2.5762029986e+12,1.5655138846e+04,9.2060458962e+13,1.4057772884e+04,5.6412637952e+12,3.1839302309e+01,0,0,0,1
59,3.9891152344e+04,3.3464045410e+03,3.6501664062e+04,1.7342813257e+13,2235,8.9080754289e+12,4.3877011945e+02,1148,>12.5,2.3404517284e+03,1.4332069092e+13,2.3404517284e+03,1.4332069092e+13,2.3404517284e+03,1.4332069092e+13,5.3341183108e+00,0,0,0,1
57,2.5726630859e+04,3.9790585938e+04,2.1434772949e+03,1.8033420792e+13,2324,8.8304789531e+12,4.3742815956e+02,1138,>12.5,1.8603477598e+03,1.2493032614e+12,3.0626565789e+03,3.5865091143e+13,3.0626565789e+03,3.5865091143e+13,7.0015075892e+00,0,0,1,1
89,3.3190046875e+04,4.1409902344e+04,4.7763707031e+04,1.1693789232e+13,1507,8.5899298779e+12,4.3163445842e+02,1107,>12.5,1.0416368814e+03,2.3356539234e+12,1.0550001794e+04,7.0317926426e+13,1.0550001794e+04,7.0317926426e+13,2.4441982303e+01,0,0,1,1
98,1.3877032227e+04,5.3770444336e+03,6.1625156250e+03,9.7461176854e+12,1256,8.5511316400e+12,4.3252911346e+02,1102,>12.5,1.2250158794e+03,1.3579383276e+12,2.8017278898e+03,3.7735166212e+13,2.8017278898e+03,3.7735166212e+13,6.4775475282e+00,0,0,1,1
64,4.4720253906e+04,4.8297644043e+02,7.5697375488e+02,1.5883998678e+13,2047,8.4735351641e+12,4.3125835297e+02,1092,>12.5,3.5130093004e+03,5.4783111958e+12,8.1567342399e+03,6.3691187387e+13,3.5130093004e+03,5.4783111958e+12,8.1459507421e+00,0,0,0,1
97,9.1374033203e+03,4.4068876953e+03,7.2798862305e+03,1.0009945140e+13,1290,8.3105825648e+12,4.2829034836e+02,1071,>12.5,5.0854412344e+03,2.4427370601e+13,5.0854412344e+03,2.4427370601e+13,5.0854412344e+03,2.4427370601e+13,1.1873817035e+01,0,0,0,1
92,3.5431500000e+04,6.5764516602e+03,4.1166675781e+04,1.1173892460e+13,1440,8.2795439745e+12,4.2818796186e+02,1067,>12.5,2.3775574566e+03,1.3036207945e+12,7.3851686731e+03,9.2060458962e+13,7.3851686731e+03,9.2060458962e+13,1.7247492529e+01,0,0,0,1
55,6.3083276367e+03,4.7984988281e+04,8.2145449219e+03,1.9150810219e+13,2468,7.9148405379e+12,4.2170730188e+02,1020,>12.5,1.5615066916e+03,8.6132088207e+11,4.8207640617e+03,3.5073607090e+13,4.8207640617e+03,3.5073607090e+13,1.1431540408e+01,0,0,1,1
96,9.1975117188e+03,2.4777792969e+04,1.0520500000e+04,1.0040984038e+13,1294,7.6975704055e+12,4.1703428218e+02,992,>12.5,1.4233183715e+03,2.0407873152e+12,2.9080766909e+03,5.1508540677e+13,2.9080766909e+03,5.1508540677e+13,6.9732317345e+00,0,0,2,1
100,2.1929931641e+03,4.0854250000e+04,6.2247866211e+03,9.3038177037e+12,1199,7.5889353393e+12,4.1595168502e+02,978,>12.5,2.5455115610e+03,8.5356123448e+11,8.7605762338e+03,3.5073607090e+13,7.4128974487e+03,4.3143640579e+12,1.7821534845e+01,0,0,0,1
101,3.5726750000e+04,4.4889160156e+04,3.8194667969e+04,9.2572598109e+12,1193,7.5656563965e+12,4.1437951648e+02,975,>12.5,1.2267967913e+03,1.1398922304e+13,1.2267967913e+03,1.1398922304e+13,1.2267967913e+03,1.1398922304e+13,2.9605633060e+00,0,0,1,0
102,4.4240007812e+04,5.7110844727e+03,3.5831476562e+04,9.1408650789e+12,1178,7.4104634448e+12,4.1211655494e+02,955,>12.5,1.2172801930e+03,1.9787101345e+12,3.6390938513e+03,2.0105246896e+13,2.8612004545e+03,4.0039781545e+12,6.9426972060e+00,0,0,2,1
84,4.1544445312e+04,1.5587729492e+04,2.7530749512e+03,1.3300035627e+13,1714,7.1388757793e+12,4.0749801191e+02,920,>12.5,2.1137155463e+03,1.5519295172e+12,6.7037530086e+03,1.2648225565e+13,6.7037530086e+03,1.2648225565e+13,1.6451007889e+01,0,0,0,1
87,3.6640875000e+04,4.0906734375e+04,4.0072832031e+04,1.2074011419e+13,1556,7.1311161317e+12,4.0514712949e+02,919,>12.5,1.6801076094e+03,9.2339806276e+11,2.2491509132e+03,7.0317926426e+13,2.2491509132e+03,7.0317926426e+13,5.5514423021e+00,0,0,2,1
114,2.3410412598e+03,3.6674828125e+04,4.0828273438e+04,8.4114577893e+12,1084,7.1311161317e+12,4.0747864717e+02,919,>12.5,2.2979970616e+03,2.3992830336e+13,2.2979970616e+03,2.3992830336e+13,2.2979970616e+03,2.3992830336e+13,5.6395521032e+00,0,0,0,1
99,3.3861921875e+04,3.7912156250e+04,3.4580921875e+04,9.3115767481e+12,1200,7.1155968365e+12,4.0699555278e+02,917,>12.5,2.5565756342e+03,1.7668717554e+13,2.5565756342e+03,1.7668717554e+13,2.5565756342e+03,1.7668717554e+13,6.2815812525e+00,0,0,0,1
110,2.3064593750e+04,3.4981968750e+04,4.4385961914e+03,8.6675261998e+12,1117,7.0767985986e+12,4.0592641793e+02,912,>12.5,2.1623268890e+03,3.9341413262e+12,6.1639472512e+03,3.5865091143e+13,2.1623268890e+03,3.9341413262e+12,5.3268937264e+00,0,0,0,1
60,2.3996369141e+04,2.1489133301e+03,2.9415952148e+03,1.7210898623e+13,2218,6.9759231800e+12,4.0386656400e+02,899,>12.5,1.4066585152e+03,2.5606837034e+12,4.0195026280e+03,1.0863506621e+13,4.0195026280e+03,1.0863506621e+13,9.9525511302e+00,0,0,1,1
106,4.8454222656e+04,4.4583433594e+04,2.9613496094e+04,8.8537577710e+12,1141,6.9371249420e+12,4.0354866429e+02,894,>12.5,2.3163764925e+03,4.1824500490e+12,5.8355158813e+03,3.3366484621e+13,2.3163764925e+03,4.1824500490e+12,5.7400177414e+00,0,0,0,1
107,7.5651318359e+03,2.3887355469e+04,1.7168927734e+04,8.7994399272e+12,1134,6.9293652945e+12,4.0220444505e+02,893,>12.5,3.1500108624e+03,1.4588137462e+12,1.0254841864e+04,7.6975704055e+12,1.0254841864e+04,7.6975704055e+12,2.5496590080e+01,0,0,0,1
122,3.4438339844e+04,1.6151644531e+04,4.5013140625e+04,7.8139651339e+12,1007,6.9060863517e+12,4.0200535168e+02,890,>12.5,3.8388879552e+03,4.9661744552e+12,1.0169276678e+04,5.0096284816e+13,3.8388879552e+03,4.9661744552e+12,9.5493453985e+00,0,0,0,1
118,1.9395857422e+04,3.5040992188e+04,4.5412718750e+04,8.1088314861e+12,1045,6.7586530476e+12,4.0027435265e+02,871,>12.5,1.2266055008e+03,1.3424190324e+12,1.1184786401e+04,1.2989650059e+13,7.5525488224e+03,6.3706706683e+12,1.8868430546e+01,0,0,1,1
120,5.0625278320e+03,3.7167656250e+04,1.4811039062e+04,7.9846777097e+12,1029,6.7353741048e+12,3.9920262460e+02,868,>12.5,2.2029556645e+03,7.7596475862e+11,1.0903278362e+04,4.6340615385e+13,5.0284296186e+03,6.4327478489e+12,1.2596183764e+01,0,0,0,1
105,3.3820003906e+04,8.9822558594e+03,4.7903472656e+04,8.8692767664e+12,1143,6.7120951620e+12,3.9905031707e+02,865,>12.5,2.4559783070e+03,2.2813363903e+12,9.7604871890e+03,5.0577382967e+13,6.7716491849e+03,5.2222428255e+12,1.6969411864e+01,0,0,0,1
125,1.7685659180e+03,4.3658656250e+04,1.7472343750e+04,7.5423772747e+12,972,6.6189793910e+12,3.9621121351e+02,853,>12.5,1.0007062567e+03,8.0700334896e+11,1.4171511422e+03,1.1802423979e+13,1.4171511422e+03,1.1802423979e+13,3.5767567749e+00,0,0,2,1
117,1.5180506836e+04,3.9272757812e+04,4.4166785156e+04,8.2950630573e+12,1069,6.5025846772e+12,3.9454883553e+02,838,>12.5,8.7226132115e+02,1.2493032614e+12,2.7488878757e+03,1.2989650059e+13,2.7488878757e+03,1.2989650059e+13,6.9671676311e+00,0,1,1,1
127,3.6369118652e+03,4.0097531250e+04,1.5728980469e+04,7.4958193819e+12,966,6.4327478489e+12,3.9289281551e+02,829,>12.5,1.8981515154e+03,1.2958611469e+12,5.0284296186e+03,6.7353741048e+12,5.0284296186e+03,6.7353741048e+12,1.2798476888e+01,0,0,1,1
116,1.7183843750e+04,2.4250257812e+04,8.0405258789e+03,8.3183420037e+12,1072,6.4172285538e+12,3.9339119241e+02,827,>12.5,1.1361422476e+03,1.8002382400e+12,2.3377776985e+03,1.3369872791e+13,2.3377776985e+03,1.3369872791e+13,5.9426284665e+00,0,0,2,1
124,1.7105935547e+04,3.3497519531e+04,4.1143664062e+04,7.6122145673e+12,981,6.3706706683e+12,3.9190458300e+02,821,>12.5,7.5525488224e+03,6.7586530476e+12,7.5525488224e+03,6.7586530476e+12,7.5525488224e+03,6.7586530476e+12,1.9271397044e+01,0,0,0,1
121,1.1803573242e+04,3.7815593750e+04,3.9445113281e+04,7.9148408705e+12,1020,6.3551513731e+12,3.9215574315e+02,819,>12.5,3.4970929470e+03,1.0009945386e+12,7.2381979700e+03,1.2989650059e+13,7.2381979700e+03,1.2989650059e+13,1.8457457519e+01,0,0,0,1
104,6.4905395508e+03,3.3570558594e+04,1.7591492920e+03,8.9934314494e+12,1159,6.3318724303e+12,3.9135786425e+02,816,>12.5,5.0729555347e+03,5.6878216807e+12,9.8932838784e+03,5.7056688701e+13,5.0729555347e+03,5.6878216807e+12,1.2962446901e+01,0,0,0,1
131,5.7367343750e+03,3.9014601562e+04,4.2179042969e+04,7.1233566928e+12,918,6.2697952496e+12,3.8676495119e+02,808,>12.5,2.6359780711e+03,9.6995594827e+11,4.8477043833e+03,3.2691395281e+13,4.8477043833e+03,3.2691395281e+13,1.2533980570e+01,0,0,0,1
115,7.0274013672e+03,3.6393890625e+04,3.0588085938e+04,8.3261019547e+12,1073,6.0913233552e+12,3.8614721110e+02,785,>12.5,1.3662328356e+03,9.2339806276e+11,2.7751581246e+03,9.3333041167e+13,2.7751581246e+03,9.3333041167e+13,7.1867879525e+00,0,0,1,1
130,4.2513027344e+04,1.3476075745e+02,4.2466359375e+04,7.1931935320e+12,927,5.9904479365e+12,3.8372473124e+02,772,>12.5,1.0814339402e+03,1.5674488124e+12,3.6766001509e+03,8.8250471998e+13,3.6766001509e+03,8.8250471998e+13,9.5813479079e+00,0,0,1,1
144,1.3213489990e+03,6.2862939453e+03,6.0238247070e+03,6.5025846376e+12,838,5.8042163945e+12,3.7958882086e+02,748,>12.5,6.0661442767e+03,9.4667700551e+11,1.2086115381e+04,8.3105825648e+12,1.2086115381e+04,8.3105825648e+12,3.1840019297e+01,0,0,0,1
112,1.1703701172e+04,7.4238637695e+03,2.3188095703e+04,8.4735355842e+12,1092,5.7421392138e+12,3.7902813859e+02,740,>12.5,3.4891579498e+03,1.1018699572e+12,1.9266264603e+04,9.4978086455e+12,8.8886415742e+03,5.1136077593e+12,2.3451139030e+01,0,0,0,1
132,7.9027680664e+03,3.2315185547e+04,4.6039077148e+03,7.1155967418e+12,917,5.6878216807e+12,3.7495021577e+02,733,>12.5,5.0729555347e+03,6.3318724303e+12,5.0729555347e+03,6.3318724303e+12,5.0729555347e+03,6.3318724303e+12,1.3529677598e+01,0,0,0,1
108,4.1864945312e+04,3.2332144531e+04,3.4495832031e+04,8.7606419854e+12,1129,5.6567830903e+12,3.7711137206e+02,729,>12.5,2.5409324730e+03,2.9874643207e+12,9.2083787530e+03,1.2128329177e+13,2.5409324730e+03,2.9874643207e+12,6.7378834511e+00,0,0,0,1
134,2.3350738281e+04,4.8403332031e+04,2.9722046875e+04,7.0535198536e+12,909,5.6412637952e+12,3.7567411479e+02,727,>12.5,4.5835804208e+03,9.0011912000e+11,4.8225625214e+03,1.9546552270e+13,4.8225625214e+03,1.9546552270e+13,1.2837090264e+01,0,0,0,1
136,4.4748507812e+04,3.7544101562e+04,3.4900695312e+04,6.8440093359e+12,882,5.5947059096e+12,3.7551141738e+02,721,>12.5,4.1062594660e+03,1.2027453759e+12,8.7831972617e+03,1.2128329177e+13,8.5661150820e+03,3.9496606214e+12,2.2811863197e+01,0,0,0,1
141,6.7230473633e+03,2.8748937500e+04,8.8261181641e+03,6.6732967601e+12,860,5.4860708434e+12,3.7155635663e+02,707,>12.5,2.4203584584e+03,1.2725822041e+12,2.6603331086e+03,1.1895539750e+14,2.6603331086e+03,1.1895539750e+14,7.1599719964e+00,0,0,0,1
93,4.3343261719e+04,2.3967329102e+03,9.4259265137e+02,1.1080776675e+13,1428,5.4783111958e+12,3.7291443577e+02,706,>12.5,3.5130093004e+03,8.4735351641e+12,3.5130093004e+03,8.4735351641e+12,3.5130093004e+03,8.4735351641e+12,9.4204164909e+00,0,0,0,1
139,4.5478632812e+04,4.7428707031e+04,3.7448753906e+04,6.7198546529e+12,866,5.3774357772e+12,3.7047709445e+02,693,>12.5,1.7212757198e+03,2.8943485496e+12,9.3466247141e+03,8.8250471998e+13,1.7212757198e+03,2.8943485496e+12,4.6461056449e+00,0,0,1,1
103,5.5367456055e+03,4.2234207031e+04,3.0045730469e+04,9.1331051279e+12,1177,5.3386375393e+12,3.6986034999e+02,688,>12.5,1.3840966319e+03,1.3424190324e+12,6.0101928168e+03,2.6786303468e+13,6.0101928168e+03,2.6786303468e+13,1.6249897609e+01,0,0,1,1
123,2.1251216797e+04,3.1932727051e+03,2.0288273438e+04,7.6665315044e+12,988,5.2377621207e+12,3.6730999107e+02,675,>12.5,4.4318634081e+03,9.4978086455e+12,4.4318634081e+03,9.4978086455e+12,4.4318634081e+03,9.4978086455e+12,1.2065730625e+01,0,0,0,1
128,3.9793964844e+04,4.5025166016e+03,7.4995361328e+03,7.3406267081e+12,946,5.2377621207e+12,3.6631301532e+02,675,>12.5,4.4398065072e+03,4.4074798290e+12,7.2379398996e+03,3.2528442681e+13,4.4398065072e+03,4.4074798290e+12,1.2120253230e+01,0,0,0,1
95,3.3961031250e+04,1.0893307617e+04,2.0398361816e+03,1.0560880809e+13,1361,5.2222428255e+12,3.6572064183e+02,673,>12.5,1.0285232382e+03,9.8547524345e+11,6.0460004607e+03,5.0577382967e+13,5.9047949047e+03,2.7391555979e+12,1.6145642956e+01,0,0,3,1
133,1.0651496582e+03,3.1107847656e+04,7.6317181396e+02,7.0690388490e+12,911,5.2222428255e+12,3.6613339272e+02,673,>12.5,3.3478565797e+03,1.0397927765e+12,8.5743837173e+03,9.4046928745e+12,8.5743837173e+03,9.4046928745e+12,2.3418742698e+01,0,0,0,1
137,9.8052871094e+03,1.2545456055e+04,2.5631777344e+04,6.7508935503e+12,870,5.1136077593e+12,3.6452275958e+02,659,>12.5,7.9885994200e+03,1.1251489000e+12,8.8886415742e+03,5.7421392138e+12,8.8886415742e+03,5.7421392138e+12,2.4384325370e+01,0,0,0,1
42,4.4900898438e+04,4.2358031250e+04,4.6682570312e+04,2.4528246838e+13,3161,5.0049726931e+12,3.6193465114e+02,645,>12.5,1.1769508020e+03,1.1406681952e+12,5.6160517532e+03,6.3691187387e+13,5.6160517532e+03,6.3691187387e+13,1.5516756231e+01,0,0,1,1
146,3.5536503906e+04,1.4181761719e+04,4.6275046875e+04,6.2930741200e+12,811,4.9661744552e+12,3.6069990078e+02,640,>12.5,3.8388879552e+03,6.9060863517e+12,3.8388879552e+03,6.9060863517e+12,3.8388879552e+03,6.9060863517e+12,1.0642886086e+01,0,0,0,1
148,2.7021603516e+04,4.7219667969e+04,2.6166117188e+04,6.1534004415e+12,793,4.9506551600e+12,3.6024751323e+02,638,>12.5,8.2012141889e+02,1.0785910145e+12,4.9805694660e+03,1.9546552270e+13,3.7897151746e+03,4.2910851152e+12,1.0519753879e+01,0,1,1,1
109,4.5009136719e+04,3.2963785156e+04,9.6564501953e+03,8.6985650972e+12,1121,4.9196165696e+12,3.5958880881e+02,634,>12.5,2.2472416035e+03,1.8545557731e+12,7.9059764698e+03,3.0115192282e+13,3.0689714756e+03,4.2290079345e+12,8.5346690452e+00,0,0,0,1
138,2.1516945312e+04,1.4568525391e+04,5.2413149414e+03,6.7353741016e+12,868,4.8963376269e+12,3.5814122417e+02,631,>12.5,1.4689213667e+03,8.1476299655e+11,1.3093622849e+04,1.0149619043e+13,5.0284357705e+03,4.7566639703e+12,1.4040371315e+01,0,0,1,1
143,8.1910488281e+03,4.7254410156e+04,2.2041751953e+04,6.6112198719e+12,852,4.8575393889e+12,3.5812293512e+02,626,>12.5,3.1945166374e+03,9.5443665310e+11,1.1663772284e+04,1.1802423979e+13,6.6017966827e+03,2.5141258179e+12,1.8434442576e+01,0,0,0,1
142,3.1639306641e+03,3.1423902344e+04,1.3963276367e+04,6.6732967601e+12,860,4.8187411510e+12,3.5734425287e+02,621,>12.5,6.8008107172e+03,1.6062470503e+12,8.8100395786e+03,4.6340615385e+13,8.3084792153e+03,3.1193783296e+12,2.3250630585e+01,0,0,0,1
140,8.0392153320e+03,3.2373384766e+04,2.1680115234e+04,6.7198546529e+12,866,4.8109815034e+12,3.5696454675e+02,620,>12.5,1.4073590231e+03,1.4200155083e+12,5.1427211734e+03,4.6340615385e+13,5.1427211734e+03,4.6340615385e+13,1.4406812162e+01,0,0,1,1
154,3.1293882812e+04,2.8796656250e+04,1.3274887695e+04,5.8507741383e+12,754,4.7644236179e+12,3.5422755289e+02,614,>12.5,3.0907581426e+03,2.2502978000e+12,1.3581871323e+04,1.1507557370e+13,9.6313039144e+03,2.7701941883e+12,2.7189595603e+01,0,0,0,1
156,2.2119470703e+04,1.7667662109e+04,6.4625878906e+03,5.7809372991e+12,745,4.7566639703e+12,3.5596639628e+02,613,>12.5,2.4939768445e+03,9.0787876758e+11,5.0284357705e+03,4.8963376269e+12,5.0284357705e+03,4.8963376269e+12,1.4126152983e+01,0,0,0,1
160,3.8810058594e+04,2.2636806641e+04,3.8722175781e+04,5.5326288397e+12,713,4.7489043227e+12,3.5140149673e+02,612,>12.5,1.4616190872e+03,1.1848981864e+13,1.4616190872e+03,1.1848981864e+13,1.4616190872e+03,1.1848981864e+13,4.1593991511e+00,0,0,1,1
152,1.1815444336e+04,2.7873388672e+02,6.9294526367e+03,5.8973320311e+12,760,4.6402692565e+12,3.5298400549e+02,598,>12.5,2.8939197634e+03,2.4427370601e+13,2.8939197634e+03,2.4427370601e+13,2.8939197634e+03,2.4427370601e+13,8.1984444573e+00,0,0,0,1
145,1.2469482422e+04,4.3533929688e+04,6.1450781250e+03,6.4017093543e+12,825,4.6325096090e+12,3.5286973101e+02,597,>12.5,2.3898361969e+03,1.5596891648e+12,4.0797253740e+03,1.9825899583e+13,4.0797253740e+03,1.9825899583e+13,1.1561562286e+01,0,0,0,1
155,6.1817329102e+03,2.7921986328e+04,3.4427003906e+04,5.8119761965e+12,749,4.6092306662e+12,3.5194179154e+02,594,>12.5,9.9704497863e+02,8.6132088207e+11,5.1381586381e+03,1.0576399660e+13,2.1667509622e+03,2.8788292545e+12,6.1565605854e+00,0,1,1,1
157,2.9960652344e+04,1.8193849609e+04,7.3491850586e+03,5.7033409622e+12,735,4.6092306662e+12,3.5185044356e+02,594,>12.5,1.7821235057e+03,3.0029836159e+12,1.1747875458e+04,4.7566639703e+12,1.7821235057e+03,3.0029836159e+12,5.0650028679e+00,0,0,1,1
158,4.7247667969e+04,2.6089705078e+04,1.0832462891e+04,5.6645425671e+12,730,4.4385184193e+12,3.4683477291e+02,572,>12.5,2.9114375601e+03,1.5441698697e+12,4.8401697486e+03,3.0115192282e+13,4.8401697486e+03,3.0115192282e+13,1.3955260910e+01,0,0,0,1
151,4.2605550781e+04,3.7266020508e+03,3.6544804688e+04,5.9206109775e+12,763,4.4074798290e+12,3.4711029672e+02,568,>12.5,2.2908843560e+03,1.1329085476e+12,3.9632259633e+03,7.4104634448e+12,3.9632259633e+03,7.4104634448e+12,1.1417771241e+01,0,0,0,1
171,4.0420507812e+04,7.4157431641e+03,7.7317968750e+03,5.2222430387e+12,673,4.4074798290e+12,3.4688994387e+02,568,>12.5,4.4398065072e+03,5.2377621207e+12,4.4398065072e+03,5.2377621207e+12,4.4398065072e+03,5.2377621207e+12,1.2798890788e+01,0,0,0,1
169,4.9410488281e+04,1.1221582031e+04,3.4297425781e+04,5.2377620341e+12,675,4.3764412386e+12,3.4518593807e+02,564,>12.5,2.1386889164e+03,1.0320331290e+12,5.4337623662e+03,2.7919212015e+13,5.3269046519e+03,4.0272570972e+12,1.5431986256e+01,0,0,0,1
172,1.8843745117e+03,3.7754956055e+03,3.3152425781e+04,5.2067235900e+12,671,4.3376430007e+12,3.4321928888e+02,559,>12.5,3.3782224787e+03,8.1476299655e+11,6.7101365382e+03,2.7919212015e+13,6.7101365382e+03,2.7919212015e+13,1.9550581088e+01,0,0,0,1
162,3.9009847656e+04,8.4459680176e+02,1.3708331055e+04,5.4705514982e+12,705,4.3298833531e+12,3.4004365833e+02,558,>12.5,5.1499156166e+03,8.1476299655e+11,1.0767599918e+04,5.2377621207e+12,1.0767599918e+04,5.2377621207e+12,3.1665345477e+01,0,0,0,1
111,1.0338630859e+04,4.1647402344e+04,2.7773224609e+04,8.4968145306e+12,1095,4.3221237055e+12,3.4428937936e+02,557,>12.5,2.0452600386e+03,1.5146832088e+13,2.0452600386e+03,1.5146832088e+13,2.0452600386e+03,1.5146832088e+13,5.9405260841e+00,0,0,0,1
165,6.9764648438e+02,4.5457402344e+04,5.0087910156e+03,5.3774357125e+12,693,4.3143640579e+12,3.4355540595e+02,556,>12.5,2.9414576797e+03,1.1406681952e+12,6.0398560742e+03,3.5073607090e+13,6.0398560742e+03,3.5073607090e+13,1.7580442542e+01,0,0,0,1
181,2.8719039062e+04,4.5920031250e+04,2.7558404297e+04,4.9040972868e+12,632,4.2910851152e+12,3.3953153796e+02,553,>12.5,2.4474104846e+03,1.3889769179e+12,3.7897151746e+03,4.9506551600e+12,3.7897151746e+03,4.9506551600e+12,1.1161599884e+01,0,0,0,1
186,6.3932812500e+03,3.8281285156e+04,3.2880214844e+04,4.7721831060e+12,615,4.2367675821e+12,3.4242090335e+02,546,>12.5,2.3129963227e+03,9.3333041167e+13,2.3129963227e+03,9.3333041167e+13,2.3129963227e+03,9.3333041167e+13,6.7548338903e+00,0,0,0,1
163,4.5910257812e+04,3.1113375000e+04,9.4763125000e+03,5.4627920005e+12,704,4.2290079345e+12,3.4113212293e+02,545,>12.5,3.0689714756e+03,4.9196165696e+12,3.0689714756e+03,4.9196165696e+12,3.0689714756e+03,4.9196165696e+12,8.9964306181e+00,0,0,0,1
170,9.6378984375e+03,1.1241017578e+04,8.4966884766e+03,5.2222430387e+12,673,4.2134886393e+12,3.4082651362e+02,543,>12.5,3.5578415155e+03,1.7381610593e+12,9.0863691054e+03,1.0149619043e+13,9.0863691054e+03,1.0149619043e+13,2.6659807094e+01,0,0,0,1
147,4.5130966797e+03,3.6040601562e+04,3.1176460938e+04,6.1766793879e+12,796,4.1902096965e+12,3.4072943188e+02,540,>12.5,2.1298856973e+03,1.2260243186e+12,3.8714883138e+03,6.0913233552e+12,3.8714883138e+03,6.0913233552e+12,1.1362353679e+01,0,0,0,1
159,4.7700230469e+04,4.4843609375e+04,3.0953453125e+04,5.6102251766e+12,723,4.1824500490e+12,3.4031878678e+02,539,>12.5,2.3163764925e+03,6.9371249420e+12,2.3163764925e+03,6.9371249420e+12,2.3163764925e+03,6.9371249420e+12,6.8064902160e+00,0,0,0,1
149,7.3619199219e+03,4.7771757812e+04,1.5261041992e+04,5.9904478167e+12,772,4.1358921634e+12,3.3953134813e+02,533,>12.5,7.4676983941e+03,1.2027453759e+12,9.2736957209e+03,1.6877233500e+13,9.2736957209e+03,1.6877233500e+13,2.7313223865e+01,0,0,0,1
185,1.5788203125e+04,1.8088130859e+04,7.1266933594e+03,4.7721831060e+12,615,4.1358921634e+12,3.3857501550e+02,533,>12.5,4.8796073119e+03,3.5771975372e+12,5.0085399156e+03,1.0149619043e+13,4.8796073119e+03,3.5771975372e+12,1.4412189584e+01,0,0,0,1
113,9.7232460938e+03,3.2184410156e+04,8.1648940430e+03,8.4735355842e+12,1092,4.1048535731e+12,3.3879690983e+02,529,>12.5,2.2485170636e+03,5.7056688701e+13,2.2485170636e+03,5.7056688701e+13,2.2485170636e+03,5.7056688701e+13,6.6367696940e+00,0,0,0,1
183,3.4824855469e+04,4.1660261719e+04,3.7593718750e+04,4.7799430571e+12,616,4.0970939255e+12,3.3745115275e+02,528,>12.5,3.8023831846e+03,1.4820926890e+12,3.9808433843e+03,1.1398922304e+13,3.9808433843e+03,1.1398922304e+13,1.1796798890e+01,0,0,0,1
173,8.9863437500e+03,2.8682761719e+04,5.7257866211e+03,5.0825693603e+12,655,4.0815746303e+12,3.3681989644e+02,526,>12.5,3.6193882771e+03,2.3123749807e+12,5.0959066934e+03,1.4130318254e+13,3.6193882771e+03,2.3123749807e+12,1.0745767443e+01,0,0,0,1
129,2.4925134766e+04,5.8868198242e+03,3.5872714844e+03,7.3328667571e+12,945,4.0272570972e+12,3.3629073073e+02,519,>12.5,1.4890517398e+03,1.9166329538e+12,5.8011144993e+03,6.9759231800e+12,5.8011144993e+03,6.9759231800e+12,1.7250295560e+01,0,0,1,1
179,1.0030111694e+03,8.0672001953e+03,3.4908703125e+04,4.9273762332e+12,635,4.0272570972e+12,3.3643117255e+02,519,>12.5,1.5625851967e+03,1.1561874903e+12,1.6153097480e+03,2.7919212015e+13,1.6153097480e+03,2.7919212015e+13,4.8013082015e+00,0,0,2,1
150,4.2669707031e+04,5.8512822266e+03,3.4724863281e+04,5.9283709285e+12,764,4.0039781545e+12,3.3598439453e+02,516,>12.5,2.1632207933e+03,1.4277751559e+12,2.8612004545e+03,7.4104634448e+12,2.8612004545e+03,7.4104634448e+12,8.5158730617e+00,0,0,0,1
174,1.6014688477e+04,4.3841632812e+04,2.3448486328e+03,5.0127325211e+12,646,3.9806992117e+12,3.3533947600e+02,513,>12.5,1.5945618601e+03,1.1018699572e+12,2.6864265911e+03,7.9427752692e+13,2.6864265911e+03,7.9427752692e+13,8.0110657507e+00,0,0,1,1
199,4.9032480469e+04,3.3745796875e+04,3.5590179688e+04,4.3531620708e+12,561,3.9496606214e+12,3.3439066994e+02,509,>12.5,3.3657974825e+03,5.0243718121e+13,3.3657974825e+03,5.0243718121e+13,3.3657974825e+03,5.0243718121e+13,1.0065464694e+01,0,0,0,1
176,2.7719822266e+04,3.5568292969e+04,3.0324414062e+04,4.9894535747e+12,643,3.9419009738e+12,3.3368124560e+02,508,>12.5,2.2486200948e+03,3.4576989644e+13,2.2486200948e+03,3.4576989644e+13,2.2486200948e+03,3.4576989644e+13,6.7388267228e+00,0,0,0,1
94,2.2132986328e+04,3.4063386719e+04,5.0768081055e+03,1.0630716742e+13,1370,3.9341413262e+12,3.3335689388e+02,507,>12.5,1.7291270221e+03,1.4976119841e+12,2.1623268890e+03,7.0767985986e+12,2.1623268890e+03,7.0767985986e+12,6.4865221891e+00,0,0,1,1
164,3.2761777344e+04,4.9291284180e+03,3.9593273438e+04,5.4239936053e+12,699,3.9263816786e+12,3.3388258034e+02,506,>12.5,5.2131816795e+03,8.2795439745e+12,5.2131816795e+03,8.2795439745e+12,5.2131816795e+03,8.2795439745e+12,1.5613817511e+01,0,0,0,1
191,1.5631899414e+04,8.6502548828e+03,6.5888632812e+03,4.5859515348e+12,591,3.9108623834e+12,3.3310883041e+02,504,>12.5,1.9702009816e+03,1.7071224690e+12,5.5531000239e+03,8.5511316400e+12,5.5531000239e+03,8.5511316400e+12,1.6670527818e+01,0,0,1,1
184,2.0263726562e+04,2.3129665527e+03,1.5909539062e+04,4.7721831060e+12,615,3.9031027358e+12,3.3311624595e+02,503,>12.5,2.8388379317e+03,7.8372440620e+11,6.7947256211e+03,5.2377621207e+12,5.7843870496e+03,2.8477906641e+12,1.7364469971e+01,0,0,0,1
205,3.9691394531e+04,2.4035123047e+04,2.4836746094e+04,4.1669309529e+12,537,3.8643044979e+12,3.3150458747e+02,498,>12.5,2.4425150571e+03,1.2881014993e+12,1.0368414590e+04,1.1507557370e+13,6.6088320381e+03,3.5151203565e+12,1.9935869028e+01,0,0,0,1
167,3.7915425781e+04,4.5659144531e+04,1.5872153320e+03,5.3696762148e+12,692,3.8099869648e+12,3.2881114446e+02,491,>12.5,4.6785918046e+03,1.9352561080e+13,4.6785918046e+03,1.9352561080e+13,4.6785918046e+03,1.9352561080e+13,1.4228811534e+01,0,0,0,1
192,4.1896390625e+04,1.6403623047e+04,4.3935207031e+04,4.5471535930e+12,586,3.7711887269e+12,3.2756843845e+02,486,>12.5,1.4552250675e+03,1.5286505745e+12,4.8917570706e+03,1.2927572879e+13,4.8917570706e+03,1.2927572879e+13,1.4933542113e+01,0,0,1,1
166,1.9628037109e+03,3.7742472656e+04,1.3052878906e+04,5.3696762148e+12,692,3.7401501365e+12,3.2859133418e+02,482,>12.5,2.5532700267e+03,1.5752084600e+12,5.3619810958e+03,6.7353741048e+12,5.3619810958e+03,6.7353741048e+12,1.6318084313e+01,0,0,0,1
194,1.7960845703e+04,3.4173968750e+04,2.4886341797e+04,4.5083551979e+12,581,3.6858326034e+12,3.2582204545e+02,475,>12.5,3.1667513599e+03,3.5616782421e+12,6.1694650778e+03,1.4976119841e+13,3.1667513599e+03,3.5616782421e+12,9.7192667105e+00,0,0,0,1
168,2.5790732422e+04,2.6776655273e+03,4.4953289062e+04,5.2843199269e+12,681,3.6703133083e+12,3.2596538371e+02,473,>12.5,4.7733891609e+03,1.3967365655e+12,1.1540460991e+04,9.0943069710e+12,5.5420117693e+03,2.2890960379e+12,1.7001841442e+01,0,0,0,1
195,4.0036618652e+03,4.7167031250e+04,4.4311929688e+04,4.4850762515e+12,578,3.6625536607e+12,3.2606003555e+02,472,>12.5,1.5832487556e+03,8.7684017724e+11,1.1372740544e+04,3.2691395281e+13,2.7446656755e+03,2.7313959503e+12,8.4176696812e+00,0,0,1,1
126,2.9972925781e+04,7.5494687500e+03,3.8345417969e+04,7.5268582793e+12,970,3.5771975372e+12,3.2213969874e+02,461,>12.5,5.1235842106e+03,9.5443665310e+11,5.9789795584e+03,3.9263816786e+12,5.9789795584e+03,3.9263816786e+12,1.8560207208e+01,0,0,0,1
214,1.8334582031e+04,1.7169642578e+04,5.2657148438e+03,3.9031025914e+12,503,3.5771975372e+12,3.2346121986e+02,461,>12.5,2.9350432998e+03,7.9924370138e+11,4.8796073119e+03,4.1358921634e+12,4.8796073119e+03,4.1358921634e+12,1.5085602268e+01,0,0,0,1
180,1.6688390625e+04,3.3737070312e+04,2.3232621094e+04,4.9196167355e+12,634,3.5616782421e+12,3.2236940516e+02,459,>12.5,1.6024746250e+03,8.4580158689e+11,3.1667513599e+03,3.6858326034e+12,3.1667513599e+03,3.6858326034e+12,9.8233619853e+00,0,0,1,1
204,7.4339941406e+03,6.7696960449e+02,4.6223152344e+04,4.1824499483e+12,539,3.5616782421e+12,3.2160916136e+02,459,>12.5,4.3957855777e+03,8.6132088207e+11,7.8235909769e+03,3.6625536607e+12,7.8235909769e+03,3.6625536607e+12,2.4326393390e+01,0,0,0,1
211,2.1811906250e+04,3.0124085938e+04,2.0927613281e+04,4.0350167722e+12,520,3.5228800041e+12,3.1911593356e+02,454,>12.5,2.9931079042e+03,2.0795855531e+12,8.1827299720e+03,1.4976119841e+13,2.9931079042e+03,2.0795855531e+12,9.3793746705e+00,0,0,0,1
207,4.3595464844e+04,2.4921433594e+04,2.2895902344e+04,4.1436520065e+12,534,3.5151203565e+12,3.2093780223e+02,453,>12.5,4.1826402204e+03,1.2881014993e+12,6.6088320381e+03,3.8643044979e+12,4.7358831700e+03,2.3511732186e+12,1.4756389360e+01,0,0,0,1
193,3.1839494141e+04,2.9052451172e+04,3.1502769531e+04,4.5238746466e+12,583,3.4685624710e+12,3.1957964577e+02,447,>12.5,4.4598623907e+03,1.4665733938e+12,8.7460014398e+03,9.9711471482e+12,8.7460014398e+03,9.9711471482e+12,2.7367204250e+01,0,0,0,1
182,6.2639731445e+03,3.5232531250e+04,1.0892692383e+04,4.7954620525e+12,618,3.3366484621e+12,3.1558812773e+02,430,>12.5,2.2216243206e+03,1.8390364779e+12,6.7324516229e+03,6.7353741048e+12,2.2216243206e+03,1.8390364779e+12,7.0396321198e+00,0,0,0,1
206,2.5910166016e+04,3.5542417969e+04,2.2401402344e+04,4.1591710019e+12,536,3.3288888145e+12,3.1333339079e+02,429,>12.5,2.3856198282e+03,1.1670509970e+13,2.3856198282e+03,1.1670509970e+13,2.3856198282e+03,1.1670509970e+13,7.6136789066e+00,0,0,0,1
216,3.4296554688e+04,3.7509070312e+04,3.7409773438e+04,3.8720641473e+12,499,3.2668116338e+12,3.1361660985e+02,421,>12.5,1.7183198727e+03,8.1476299655e+11,2.5682784073e+03,1.7668717554e+13,2.5682784073e+03,1.7668717554e+13,8.1892295454e+00,0,0,1,1
203,4.2028242188e+04,1.0486436523e+04,3.8888464844e+04,4.2212483434e+12,544,3.2047344531e+12,3.1139303828e+02,413,>12.5,5.9925206740e+03,2.0105246896e+13,5.9925206740e+03,2.0105246896e+13,5.9925206740e+03,2.0105246896e+13,1.9244234576e+01,0,0,0,1
119,1.1570510742e+04,1.8454513672e+04,9.5570927734e+03,8.0079566561e+12,1032,3.1426572724e+12,3.0971797788e+02,405,12.0-12.5,1.2449453859e+03,1.9476715441e+12,2.6244593080e+03,3.1752477923e+13,1.2449453859e+03,1.9476715441e+12,4.0196096928e+00,0,0,4,1
229,3.5259781250e+04,4.8149550781e+04,3.7562739258e+03,3.6703133541e+12,473,3.1426572724e+12,3.0986959704e+02,405,12.0-12.5,4.8861479048e+03,1.9352561080e+13,4.8861479048e+03,1.9352561080e+13,4.8861479048e+03,1.9352561080e+13,1.5768400487e+01,0,0,0,1
161,4.5979882812e+03,3.0609406250e+04,8.6186787109e+03,5.5093498933e+12,710,3.1193783296e+12,3.0752574864e+02,402,12.0-12.5,2.0917242016e+03,1.1949857283e+12,4.2067807516e+03,5.4860708434e+12,4.2067807516e+03,5.4860708434e+12,1.3679442356e+01,0,0,0,1
212,3.9039937500e+04,3.4302360840e+03,4.1864917969e+04,4.0117378258e+12,517,3.0650607965e+12,3.0707449469e+02,395,12.0-12.5,1.5899438701e+03,8.3028229172e+11,1.7448858516e+03,1.1538595961e+13,1.7448858516e+03,1.1538595961e+13,5.6822884408e+00,0,0,2,1
240,9.4185516357e+02,3.6816609375e+04,4.1729886719e+04,3.4918415072e+12,450,3.0650607965e+12,3.0428536284e+02,395,12.0-12.5,2.4815030649e+03,7.1311161317e+12,2.4815030649e+03,7.1311161317e+12,2.4815030649e+03,7.1311161317e+12,8.1551838108e+00,0,0,0,1
208,1.2472776367e+04,1.1909175781e+04,1.5705519531e+04,4.1203730601e+12,531,3.0185029110e+12,3.0449318502e+02,389,12.0-12.5,4.5542770739e+03,1.0785910145e+12,1.1549277381e+04,4.2134886393e+12,1.1549277381e+04,4.2134886393e+12,3.7929510246e+01,0,0,0,1
188,3.0562105469e+04,1.8720128906e+04,8.2439619141e+03,4.7333851643e+12,610,3.0029836159e+12,3.0449299121e+02,387,12.0-12.5,1.7821235057e+03,4.6092306662e+12,1.7821235057e+03,4.6092306662e+12,1.7821235057e+03,4.6092306662e+12,5.8527570655e+00,0,0,1,1
213,4.0269261719e+04,3.1784470703e+04,3.4778406250e+04,3.9419009865e+12,508,2.9874643207e+12,3.0433735127e+02,385,12.0-12.5,2.5409324730e+03,5.6567830903e+12,2.5409324730e+03,5.6567830903e+12,2.5409324730e+03,5.6567830903e+12,8.3490654776e+00,0,0,0,1
219,3.4195984375e+04,3.4627699219e+04,2.9519564453e+04,3.7479096910e+12,483,2.9641853779e+12,3.0390326863e+02,382,12.0-12.5,3.2626026074e+03,1.1096296048e+12,7.8772905730e+03,1.5922796847e+13,7.1337920897e+03,2.2114995621e+12,2.3473890629e+01,0,0,0,1
201,4.6632679688e+04,4.7497496094e+04,3.7370171875e+04,4.2833256849e+12,552,2.8943485496e+12,3.0060996223e+02,373,12.0-12.5,1.7212757198e+03,5.3774357772e+12,1.7212757198e+03,5.3774357772e+12,1.7212757198e+03,5.3774357772e+12,5.7259437015e+00,0,0,1,1
217,4.8816669922e+03,2.8166039062e+04,3.5041777344e+04,3.7867080861e+12,488,2.8788292545e+12,3.0114676790e+02,371,12.0-12.5,1.2861247123e+03,8.6132088207e+11,2.1667509622e+03,4.6092306662e+12,2.1667509622e+03,4.6092306662e+12,7.1949998908e+00,0,0,1,1
209,3.7149554688e+04,5.3261552734e+03,3.2392116699e+03,4.1048536114e+12,529,2.8633099593e+12,2.9795949229e+02,369,12.0-12.5,2.6615700419e+03,3.2528442681e+13,2.6615700419e+03,3.2528442681e+13,2.6615700419e+03,3.2528442681e+13,8.9326573267e+00,0,0,0,1
253,2.3175363281e+04,3.7493937500e+04,2.1978964844e+04,3.2202536480e+12,415,2.8633099593e+12,3.0017699002e+02,369,12.0-12.5,4.5453583067e+03,1.4277751559e+12,5.0299352001e+03,3.3288888145e+12,5.0299352001e+03,3.3288888145e+12,1.6756564851e+01,0,0,0,1
210,1.8093433594e+04,3.0350668945e+03,1.2758028320e+04,4.0815746650e+12,526,2.8477906641e+12,2.9894381425e+02,367,12.0-12.5,1.2507299527e+03,1.5984874028e+12,5.7843870496e+03,3.9031027358e+12,1.2507299527e+03,1.5984874028e+12,4.1838295128e+00,0,0,2,1
153,3.9237558594e+04,3.9478003906e+04,4.0854250000e+04,5.8507741383e+12,754,2.8400310165e+12,2.9925314801e+02,366,12.0-12.5,1.9890459547e+03,1.1484278428e+12,4.5529848614e+03,7.1311161317e+12,4.5529848614e+03,7.1311161317e+12,1.5214492785e+01,0,0,1,1
197,7.9051176758e+03,4.9082351562e+04,7.9335605469e+03,4.4462778564e+12,573,2.8089924262e+12,2.9840545356e+02,362,12.0-12.5,2.9081677686e+03,7.9148405379e+12,2.9081677686e+03,7.9148405379e+12,2.9081677686e+03,7.9148405379e+12,9.7456924260e+00,0,0,0,1
224,2.7514328125e+04,3.6788632812e+04,3.8590898438e+03,3.6780728518e+12,474,2.8012327786e+12,2.9618501796e+02,361,12.0-12.5,3.9888224959e+03,7.9924370138e+11,3.9982696377e+03,3.5865091143e+13,3.9982696377e+03,3.5865091143e+13,1.3499229857e+01,0,0,0,1
246,1.8574171875e+04,2.1646224609e+04,7.1100307617e+03,3.3832062729e+12,436,2.7857134834e+12,2.9735045727e+02,359,12.0-12.5,2.2854004361e+03,1.3369872791e+13,2.2854004361e+03,1.3369872791e+13,2.2854004361e+03,1.3369872791e+13,7.6858816934e+00,0,0,0,1
226,8.1584770508e+03,3.3349449219e+04,3.4321597656e+04,3.6703133541e+12,473,2.7701941883e+12,2.9670058703e+02,357,12.0-12.5,5.2688538713e+03,1.6528049359e+12,6.2964348973e+03,9.3333041167e+13,5.2688538713e+03,1.6528049359e+12,1.7758151152e+01,0,0,0,1
243,2.7441833984e+04,2.6451673828e+04,1.7933466797e+04,3.4685625608e+12,447,2.7701941883e+12,2.9605674524e+02,357,12.0-12.5,1.1824463483e+03,1.1018699572e+12,9.6313039144e+03,4.7644236179e+12,7.3184407441e+03,2.4986065228e+12,2.4719723032e+01,0,0,1,1
178,7.0702500000e+03,3.6237062500e+04,2.8542322266e+04,4.9661746283e+12,640,2.7624345407e+12,2.9654022369e+02,356,12.0-12.5,2.0826390348e+03,9.2339806276e+11,3.0484454183e+03,6.0913233552e+12,2.6662775499e+03,1.8157575352e+12,8.9912846110e+00,0,0,0,1
247,4.0612375000e+04,4.4380511719e+04,3.8393007812e+04,3.3754467752e+12,435,2.7469152455e+12,2.9434864555e+02,354,12.0-12.5,4.8862391190e+03,1.1460999485e+13,4.8862391190e+03,1.1460999485e+13,4.8862391190e+03,1.1460999485e+13,1.6600175312e+01,0,0,0,1
254,3.9622562500e+04,3.3255906250e+04,8.4181162109e+03,3.2124941503e+12,414,2.7469152455e+12,2.9474191540e+02,354,12.0-12.5,2.8797504584e+03,2.7158766552e+12,8.2216249003e+03,4.9196165696e+12,2.8797504584e+03,2.7158766552e+12,9.7704137348e+00,0,0,0,1
235,3.7098078125e+04,1.1606450195e+04,4.3747553711e+03,3.5383994000e+12,456,2.7391555979e+12,2.9601446292e+02,353,12.0-12.5,2.8714058639e+03,1.1329085476e+12,3.9753263960e+03,5.0577382967e+13,2.8714856899e+03,1.4355348034e+12,9.7004911907e+00,0,0,0,1
196,2.2153254395e+03,4.7502578125e+04,4.3990542969e+04,4.4617973051e+12,575,2.7313959503e+12,2.9536410041e+02,352,12.0-12.5,1.3983202479e+03,8.7684017724e+11,2.7446656755e+03,3.6625536607e+12,2.7446656755e+03,3.6625536607e+12,9.2924823012e+00,0,0,1,1
231,3.7931730469e+04,3.4084851562e+04,7.9573637695e+03,3.6392746833e+12,469,2.7158766552e+12,2.9503934741e+02,350,12.0-12.5,2.8797504584e+03,2.7469152455e+12,2.8797504584e+03,2.7469152455e+12,2.8797504584e+03,2.7469152455e+12,9.7605640864e+00,0,0,0,1
228,4.5151941406e+04,6.8896030273e+03,3.5496964844e+04,3.6703133541e+12,473,2.7081170076e+12,2.9320652834e+02,349,12.0-12.5,2.1396840256e+03,1.9787101345e+12,2.2686103985e+03,7.4104634448e+12,2.1396840256e+03,1.9787101345e+12,7.2975320082e+00,0,0,0,1
239,4.2992485352e+03,3.9653339844e+04,4.4604445312e+04,3.4918415072e+12,450,2.7081170076e+12,2.9443436900e+02,349,12.0-12.5,3.0764583375e+03,9.6995594827e+11,3.5356566857e+03,3.2691395281e+13,3.5356566857e+03,3.2691395281e+13,1.2008301537e+01,0,0,0,1
241,2.2496386719e+04,7.0214482422e+03,2.2717462891e+04,3.4763220585e+12,448,2.7081170076e+12,2.9489448720e+02,349,12.0-12.5,1.8531903569e+03,2.4210100469e+12,6.9841617768e+03,5.2377621207e+12,1.8531903569e+03,2.4210100469e+12,6.2842489003e+00,0,0,1,1
249,3.2093394531e+04,6.9036816406e+02,4.1764780273e+03,3.2900904872e+12,424,2.7081170076e+12,2.9406109766e+02,349,12.0-12.5,3.1303250738e+03,9.6219630069e+11,5.4912098308e+03,1.0692794374e+13,5.4912098308e+03,1.0692794374e+13,1.8673703780e+01,0,0,0,1
275,3.8284679688e+04,2.8584273438e+04,1.9581687500e+04,2.9874644107e+12,385,2.7081170076e+12,2.9433660873e+02,349,12.0-12.5,1.5010239271e+03,1.1507557370e+13,1.5010239271e+03,1.1507557370e+13,1.5010239271e+03,1.1507557370e+13,5.0996847915e+00,0,0,1,1
255,2.7109666016e+04,1.6464013672e+04,2.2901789062e+04,3.1969747016e+12,412,2.7003573600e+12,2.9437135758e+02,348,12.0-12.5,7.5504269208e+03,1.9321522490e+12,1.5613292998e+04,2.7081170076e+12,7.5504269208e+03,1.9321522490e+12,2.5649326017e+01,0,0,0,1
266,1.5223329102e+04,3.3764175781e+04,2.7245718750e+04,3.1116186404e+12,401,2.6925977124e+12,2.9226367535e+02,347,12.0-12.5,5.4027220104e+03,3.6858326034e+12,5.4027220104e+03,3.6858326034e+12,5.4027220104e+03,3.6858326034e+12,1.8485780020e+01,0,0,0,1
200,1.0253633789e+04,4.3794074219e+04,4.8618351562e+04,4.3221236267e+12,557,2.6615591221e+12,2.9290732109e+02,343,12.0-12.5,2.4345719599e+03,8.3028229172e+11,7.7371843161e+03,7.9427752692e+13,2.8436148120e+03,1.3889769179e+12,9.7082408230e+00,0,0,0,1
267,4.8619207031e+04,4.6743234375e+04,1.1243838867e+04,3.0883396940e+12,398,2.6615591221e+12,2.9131546530e+02,343,12.0-12.5,2.9673111778e+03,1.5829681076e+12,8.9210384554e+03,3.5073607090e+13,2.9673111778e+03,1.5829681076e+12,1.0185903363e+01,0,0,0,1
270,3.6293992188e+04,4.6421816406e+04,3.8667335938e+04,3.0728204719e+12,396,2.6460398269e+12,2.9166679063e+02,341,12.0-12.5,1.8463806627e+03,1.4976119841e+12,2.5270928811e+03,7.5656563965e+12,1.8463806627e+03,1.4976119841e+12,6.3304452959e+00,0,0,1,1
282,1.3686543945e+04,4.2377515625e+04,3.1727751465e+03,2.9176275715e+12,376,2.6072415890e+12,2.9021981427e+02,336,12.0-12.5,2.7279495349e+03,7.9427752692e+13,2.7279495349e+03,7.9427752692e+13,2.7279495349e+03,7.9427752692e+13,9.3995978246e+00,0,0,0,1
280,5.9956964111e+02,1.7373826172e+04,3.7289011719e+04,2.9564257399e+12,381,2.5994819414e+12,2.8789312808e+02,335,12.0-12.5,5.8284574408e+03,1.5208909269e+12,1.0314322652e+04,4.3764412386e+12,5.8284574408e+03,1.5208909269e+12,2.0245212103e+01,0,0,0,1
187,3.1153757812e+04,2.6727337646e+02,3.4031714844e+04,4.7566641107e+12,613,2.5917222938e+12,2.8946254820e+02,334,12.0-12.5,7.2457911676e+03,2.4054907517e+12,9.1996142016e+03,9.0943069710e+12,7.2457911676e+03,2.4054907517e+12,2.5031877916e+01,0,0,0,1
234,1.1991529297e+04,3.5675355469e+04,3.4916574219e+04,3.5461588977e+12,457,2.5839626462e+12,2.8816931782e+02,333,12.0-12.5,6.7184268540e+03,2.7701941883e+12,6.7184268540e+03,2.7701941883e+12,6.7184268540e+03,2.7701941883e+12,2.3314164412e+01,0,0,0,1
225,2.6345824219e+04,2.2942980957e+03,3.5362445312e+04,3.6703133541e+12,473,2.5762029986e+12,2.9010980111e+02,332,12.0-12.5,3.0726591605e+03,9.0943069710e+12,3.0726591605e+03,9.0943069710e+12,3.0726591605e+03,9.0943069710e+12,1.0591366265e+01,0,0,0,1
220,2.4416423828e+04,1.7094256592e+03,2.2155493164e+03,3.7168712469e+12,479,2.5606837034e+12,2.8338199249e+02,330,12.0-12.5,1.4066585152e+03,6.9759231800e+12,1.4066585152e+03,6.9759231800e+12,1.4066585152e+03,6.9759231800e+12,4.9638246343e+00,0,0,1,1
306,3.3092617188e+04,1.1327225586e+04,2.8050205078e+03,2.7003573295e+12,348,2.5529240559e+12,2.8913859585e+02,329,12.0-12.5,1.1162383247e+03,1.4743330414e+12,1.8361506455e+03,5.2222428255e+12,1.1162383247e+03,1.4743330414e+12,3.8605649359e+00,0,0,3,1
202,5.8099565430e+03,2.0583695312e+04,2.2156125000e+04,4.2367677921e+12,546,2.5451644083e+12,2.8585507795e+02,328,12.0-12.5,2.0301313520e+03,1.4820926890e+12,9.2607488945e+03,6.9293652945e+12,2.0301313520e+03,1.4820926890e+12,7.1019600792e+00,0,0,0,1
233,1.8080630859e+04,4.7654306641e+03,5.0685361328e+03,3.5539186220e+12,458,2.5451644083e+12,2.8874617311e+02,328,12.0-12.5,1.6668496665e+03,9.3891735793e+11,6.0636645470e+03,3.3538748797e+14,3.0548301045e+03,1.6838435262e+12,1.0579638413e+01,0,0,1,1
245,2.3910597656e+04,2.3547775391e+04,1.9960201172e+04,3.4375238900e+12,443,2.5141258179e+12,2.8222865266e+02,324,12.0-12.5,5.4062637015e+03,1.9321522490e+12,7.4286849949e+03,2.7701941883e+12,5.4062637015e+03,1.9321522490e+12,1.9155616025e+01,0,0,0,1
276,3.8909001465e+03,4.7121382812e+04,2.3156691406e+04,2.9719449620e+12,383,2.5141258179e+12,2.8556846872e+02,324,12.0-12.5,2.4845432916e+03,1.4898523365e+12,6.6017966827e+03,4.8575393889e+12,2.4845432916e+03,1.4898523365e+12,8.7003418224e+00,0,0,0,1
244,4.1341484375e+03,9.3234833984e+03,3.1960421875e+04,3.4452836144e+12,444,2.4986065228e+12,2.8442890467e+02,322,12.0-12.5,6.4451173774e+03,1.1561874903e+12,6.6554844307e+03,4.0272570972e+12,6.6554844307e+03,4.0272570972e+12,2.3399465812e+01,0,0,0,1
260,2.7476222656e+04,3.0622376953e+04,2.0555900391e+04,3.1504168088e+12,406,2.4986065228e+12,2.8668163547e+02,322,12.0-12.5,1.4342353240e+03,1.0553120717e+12,7.3184407441e+03,2.7701941883e+12,4.5870857535e+03,1.8700750683e+12,1.6000626430e+01,0,0,1,1
281,4.2637255859e+03,4.6643316406e+04,8.5524443359e+03,2.9409065179e+12,379,2.4986065228e+12,2.8464817901e+02,322,12.0-12.5,1.6332392143e+03,3.5073607090e+13,1.6332392143e+03,3.5073607090e+13,1.6332392143e+03,3.5073607090e+13,5.7377469266e+00,0,0,1,1
242,1.6443222656e+04,1.2942756348e+03,6.9184125977e+03,3.4685625608e+12,447,2.4908468752e+12,2.8639622440e+02,321,12.0-12.5,4.4510010442e+03,1.6605645834e+12,6.3287642933e+03,2.5451644083e+12,4.4510010442e+03,1.6605645834e+12,1.5541409645e+01,0,0,0,1
238,4.0715753906e+04,2.9768101562e+04,2.0014357422e+04,3.4996010049e+12,451,2.4830872276e+12,2.8634040475e+02,320,12.0-12.5,4.0677198001e+03,2.7081170076e+12,4.0677198001e+03,2.7081170076e+12,4.0677198001e+03,2.7081170076e+12,1.4205888281e+01,0,0,0,1
294,2.9611046875e+04,3.6878085938e+04,3.7424699219e+04,2.7701941687e+12,357,2.4830872276e+12,2.8040372430e+02,320,12.0-12.5,1.0795559417e+03,1.3579383276e+12,6.1046126573e+03,1.5922796847e+13,1.0795559417e+03,1.3579383276e+12,3.8500057170e+00,0,0,1,1
218,4.5130164062e+04,4.7476656250e+04,4.5163967896e+02,3.7479096910e+12,483,2.4675679324e+12,2.8374223688e+02,318,12.0-12.5,2.2165589306e+03,1.1329085476e+12,4.5298004227e+03,8.4735351641e+12,2.9793587414e+03,2.0330276676e+12,1.0500229977e+01,0,0,0,1
307,1.0555333984e+04,2.0948076172e+04,1.0650103516e+04,2.6770783831e+12,345,2.4675679324e+12,2.8569411930e+02,318,12.0-12.5,2.4432943810e+03,3.1752477923e+13,2.4432943810e+03,3.1752477923e+13,2.4432943810e+03,3.1752477923e+13,8.5521339642e+00,0,0,0,1
177,7.4603012695e+03,3.8139339844e+04,3.0658603516e+04,4.9739341260e+12,641,2.4442889896e+12,2.8415060767e+02,315,12.0-12.5,1.8921510790e+03,1.9011136586e+12,2.6733709428e+03,6.0913233552e+12,1.8921510790e+03,1.9011136586e+12,6.6589724881e+00,0,0,1,1
287,3.5018156250e+04,1.4296509766e+04,9.3524298096e+02,2.8245117858e+12,364,2.4287696945e+12,2.8405633103e+02,313,12.0-12.5,2.9326220330e+03,2.0407873152e+12,5.0991535399e+03,5.0577382967e+13,2.9326220330e+03,2.0407873152e+12,1.0324086150e+01,0,0,0,1
285,4.5203305664e+03,2.9929500000e+04,3.4203339844e+04,2.8555502299e+12,368,2.4210100469e+12,2.8325999623e+02,312,12.0-12.5,1.2995913443e+03,8.6908052965e+11,2.9497674621e+03,2.8788292545e+12,2.0132258064e+03,2.3744521614e+12,7.1073424881e+00,0,0,1,1
299,2.3484978516e+04,7.0300375977e+03,2.3478408203e+04,2.7313960002e+12,352,2.4210100469e+12,2.8409621091e+02,312,12.0-12.5,1.8531903569e+03,2.7081170076e+12,1.8531903569e+03,2.7081170076e+12,1.8531903569e+03,2.7081170076e+12,6.5231083194e+00,0,0,1,1
301,2.4293427734e+03,2.1997673828e+04,1.2242675781e+04,2.7236362759e+12,351,2.4210100469e+12,2.8363045299e+02,312,12.0-12.5,3.2832713171e+03,1.2570629090e+12,8.9562439177e+03,1.1732587150e+13,3.2832713171e+03,1.2570629090e+12,1.1575877282e+01,0,0,0,1
250,2.6692802734e+04,2.0852639160e+03,3.3264660156e+04,3.2823309896e+12,423,2.4054907517e+12,2.8289372690e+02,310,12.0-12.5,3.1737037606e+03,2.5762029986e+12,3.1737037606e+03,2.5762029986e+12,3.1737037606e+03,2.5762029986e+12,1.1218713810e+01,0,0,0,1
251,4.4002882812e+04,2.3920654297e+03,4.3677417969e+04,3.2512923188e+12,419,2.3977311041e+12,2.8283059684e+02,309,12.0-12.5,4.0717081127e+03,1.6528049359e+12,4.1692507697e+03,8.8250471998e+13,4.0717081127e+03,1.6528049359e+12,1.4396278756e+01,0,0,0,1
175,3.5255859375e+04,4.0883394531e+04,4.5038792969e+04,4.9972130724e+12,644,2.3899714565e+12,2.8195270752e+02,308,12.0-12.5,4.1009936512e+03,2.3356539234e+12,5.1392770687e+03,8.5899298779e+12,4.1009936512e+03,2.3356539234e+12,1.4544969925e+01,0,0,0,1
190,4.0627957031e+04,2.9755324219e+04,1.0128801758e+04,4.6713078227e+12,602,2.3822118090e+12,2.8255204264e+02,307,12.0-12.5,1.7750188364e+03,1.0320331290e+12,5.9771927219e+03,2.7469152455e+12,5.9771927219e+03,2.7469152455e+12,2.1154307242e+01,0,0,1,1
236,4.2887617188e+04,4.6419718750e+04,3.4341777344e+04,3.5383994000e+12,456,2.3744521614e+12,2.8153039019e+02,306,12.0-12.5,4.6988736370e+03,1.3610421866e+13,4.6988736370e+03,1.3610421866e+13,4.6988736370e+03,1.3610421866e+13,1.6690466822e+01,0,0,0,1
296,4.2002065430e+03,3.1232564453e+04,3.4394105469e+04,2.7469152223e+12,354,2.3744521614e+12,2.8071268662e+02,306,12.0-12.5,2.0132258064e+03,2.4210100469e+12,2.0132258064e+03,2.4210100469e+12,2.0132258064e+03,2.4210100469e+12,7.1718376204e+00,0,0,0,1
311,2.2225960938e+04,2.4745357422e+04,6.6715239258e+03,2.6150012682e+12,337,2.3666925138e+12,2.7671701901e+02,305,12.0-12.5,3.5668326683e+03,8.6908052965e+11,6.8819977732e+03,1.3369872791e+13,6.8819977732e+03,1.3369872791e+13,2.4870164466e+01,0,0,0,1
273,2.4370000000e+04,2.9248488770e+03,2.5971623047e+04,3.0185028548e+12,389,2.3589328662e+12,2.8179394105e+02,304,12.0-12.5,2.0618322388e+03,9.6995594827e+11,7.2546741099e+03,2.4210100469e+12,7.2546741099e+03,2.4210100469e+12,2.5744606441e+01,0,0,0,1
257,4.1895562500e+04,2.6179097656e+04,2.0509857422e+04,3.1736957552e+12,409,2.3511732186e+12,2.8080797152e+02,303,12.0-12.5,2.8919467775e+03,1.0009945386e+12,4.7358831700e+03,3.5151203565e+12,4.7358831700e+03,3.5151203565e+12,1.6865202025e+01,0,0,0,1
230,3.3621472656e+04,4.1351738281e+04,4.7213968750e+04,3.6703133541e+12,473,2.3356539234e+12,2.8069639547e+02,301,12.0-12.5,1.0416368814e+03,8.5899298779e+12,1.0416368814e+03,8.5899298779e+12,1.0416368814e+03,8.5899298779e+12,3.7109022354e+00,0,0,1,1
288,4.5642378906e+04,2.7309050781e+04,1.9522058594e+04,2.8245117858e+12,364,2.3278942759e+12,2.7690982173e+02,300,12.0-12.5,4.6500734182e+03,1.7691996496e+12,5.9955921288e+03,2.3511732186e+12,4.6500734182e+03,1.7691996496e+12,1.6792735589e+01,0,0,0,1
292,9.0124150391e+03,2.2499785156e+04,3.4518039062e+04,2.7779538930e+12,358,2.3278942759e+12,2.7975089751e+02,300,12.0-12.5,5.7958641382e+03,1.0320331290e+12,8.1119660436e+03,1.0576399660e+13,8.1119660436e+03,1.0576399660e+13,2.8997104623e+01,0,0,0,1
274,9.0992275391e+03,3.0252904297e+04,7.5855698242e+03,2.9874644107e+12,385,2.3123749807e+12,2.7888736429e+02,298,12.0-12.5,2.5752086661e+03,1.2725822041e+12,3.1355617268e+03,4.1048535731e+12,2.5752086661e+03,1.2725822041e+12,9.2338664129e+00,0,0,0,1
259,4.6336031250e+04,4.8077414062e+04,3.9083632812e+04,3.1581765332e+12,407,2.2968556855e+12,2.7738521265e+02,296,12.0-12.5,2.7229641009e+03,2.8943485496e+12,2.7229641009e+03,2.8943485496e+12,2.7229641009e+03,2.8943485496e+12,9.8165438414e+00,0,0,0,1
278,2.8954570312e+04,3.8280659180e+03,4.3345125000e+04,2.9719449620e+12,383,2.2890960379e+12,2.7896899520e+02,295,12.0-12.5,2.7307164183e+03,1.3967365655e+12,5.5420117693e+03,3.6703133083e+12,2.7307164183e+03,1.3967365655e+12,9.7886018349e+00,0,0,0,1
314,2.6446898438e+04,4.5946031250e+04,7.3954077148e+03,2.5762030998e+12,332,2.2890960379e+12,2.7714441226e+02,295,12.0-12.5,3.3301980353e+03,1.0941103097e+12,3.5015895679e+03,1.1383403009e+13,3.5015895679e+03,1.1383403009e+13,1.2634530638e+01,0,0,0,1
269,6.8498857422e+03,4.5613816406e+04,4.8054078125e+04,3.0805801963e+12,397,2.2813363903e+12,2.7869719200e+02,294,12.0-12.5,3.9129119569e+03,1.3889769179e+12,5.7942483726e+03,2.6615591221e+12,3.9129119569e+03,1.3889769179e+12,1.4040012132e+01,0,0,0,1
324,3.2819890625e+04,7.6665703125e+03,4.7952046875e+04,2.4753275898e+12,319,2.2813363903e+12,2.7811611628e+02,294,12.0-12.5,2.4559783070e+03,6.7120951620e+12,2.4559783070e+03,6.7120951620e+12,2.4559783070e+03,6.7120951620e+12,8.8307658682e+00,0,0,0,1
310,3.6792527344e+04,1.9926470703e+04,4.0013906250e+04,2.6460399390e+12,341,2.2735767428e+12,2.7800031089e+02,293,12.0-12.5,3.0304197429e+03,8.5356123448e+11,4.7612928040e+03,1.1848981864e+13,4.7612928040e+03,1.1848981864e+13,1.7126933379e+01,0,0,0,1
290,4.3088425781e+04,3.7555199219e+04,3.7181039062e+04,2.7934731151e+12,360,2.2580574476e+12,2.7675520393e+02,291,12.0-12.5,3.2692103725e+03,1.2027453759e+12,4.1898866448e+03,5.5947059096e+12,3.2692103725e+03,1.2027453759e+12,1.1812642820e+01,0,0,0,1
248,4.9757792969e+04,3.3141320312e+04,2.9106449219e+04,3.2978502116e+12,425,2.2502978000e+12,2.7664461281e+02,290,12.0-12.5,1.4789704395e+03,1.5519295172e+12,7.2524984954e+03,5.0243718121e+13,1.4789704395e+03,1.5519295172e+12,5.3461024398e+00,0,0,1,1
256,2.5459228516e+04,4.4023472656e+04,2.5313366699e+03,3.1969747016e+12,412,2.2502978000e+12,2.7582051082e+02,290,12.0-12.5,1.4392974305e+03,1.0941103097e+12,6.3265330615e+03,8.8304789531e+12,4.0204039681e+03,1.1561874903e+12,1.4576160258e+01,0,0,1,1
284,4.6460671875e+04,4.4461425781e+04,2.9160652344e+04,2.8865889007e+12,372,2.2502978000e+12,2.7348642972e+02,290,12.0-12.5,3.0421481608e+03,6.9371249420e+12,3.0421481608e+03,6.9371249420e+12,3.0421481608e+03,6.9371249420e+12,1.1123579930e+01,0,0,0,1
319,3.1974859375e+04,2.8862681641e+04,1.5239885742e+04,2.5296452070e+12,326,2.2502978000e+12,2.7491674176e+02,290,12.0-12.5,3.0907581426e+03,4.7644236179e+12,3.0907581426e+03,4.7644236179e+12,3.0907581426e+03,4.7644236179e+12,1.1242524274e+01,0,0,0,1
320,3.6815253906e+04,2.3863039062e+04,3.8678765625e+04,2.5218854826e+12,325,2.2425381524e+12,2.7421048742e+02,289,12.0-12.5,2.7056618901e+03,1.2493032614e+12,3.4788471360e+03,4.7489043227e+12,2.7056618901e+03,1.2493032614e+12,9.8670985035e+00,0,0,0,1
135,4.9498078125e+04,2.8658281250e+04,8.6207949219e+03,6.9526441170e+12,896,2.2347785048e+12,2.7615857221e+02,288,12.0-12.5,3.2936573026e+03,3.0115192282e+13,3.2936573026e+03,3.0115192282e+13,3.2936573026e+03,3.0115192282e+13,1.1926688628e+01,0,0,0,1
297,2.7512722168e+03,4.1117503906e+04,1.5045946289e+04,2.7391554979e+12,353,2.2347785048e+12,2.7593159127e+02,288,12.0-12.5,9.5776590389e+02,1.2958611469e+12,2.2484899292e+03,6.4327478489e+12,9.5776590389e+02,1.2958611469e+12,3.4710266391e+00,0,1,2,1
268,1.4328206055e+04,4.4382914062e+04,2.8349085938e+04,3.0883396940e+12,398,2.2270188572e+12,2.7643043689e+02,287,12.0-12.5,4.8963401654e+03,9.0011912000e+11,7.2363093233e+03,4.3221237055e+12,5.2112275953e+03,2.1804609717e+12,1.8851858913e+01,0,0,0,1
263,3.8147527344e+04,4.2189003906e+04,4.3919179688e+04,3.1271380891e+12,403,2.2192592096e+12,2.7563570093e+02,286,12.0-12.5,4.5761560960e+03,1.1096296048e+12,4.9977791498e+03,2.3899714565e+12,4.9977791498e+03,2.3899714565e+12,1.8131828109e+01,0,0,0,1
198,3.0148312500e+04,5.0988452148e+03,4.8073121094e+04,4.3842009682e+12,565,2.2114995621e+12,2.7553011942e+02,285,12.0-12.5,5.5072074658e+03,2.2813363903e+12,5.5072074658e+03,2.2813363903e+12,5.5072074658e+03,2.2813363903e+12,1.9987678579e+01,0,0,0,1
258,3.3013664062e+04,3.6016582031e+04,3.3962179688e+04,3.1581765332e+12,407,2.2114995621e+12,2.7411865798e+02,285,12.0-12.5,2.0821873714e+03,1.5922796847e+13,2.0821873714e+03,1.5922796847e+13,2.0821873714e+03,1.5922796847e+13,7.5959345006e+00,0,0,0,1
262,2.6846757812e+04,1.9259698486e+03,3.1055783203e+04,3.1271380891e+12,403,2.2114995621e+12,2.7412115419e+02,285,12.0-12.5,3.2976205344e+03,2.4054907517e+12,3.2976205344e+03,2.4054907517e+12,3.2976205344e+03,2.4054907517e+12,1.2029792243e+01,0,0,0,1
317,2.5089154297e+04,3.0421189453e+04,2.5112701172e+04,2.5296452070e+12,326,2.2114995621e+12,2.7525164472e+02,285,12.0-12.5,1.2315459735e+03,1.1949857283e+12,7.6472176850e+03,2.4986065228e+12,1.2315459735e+03,1.1949857283e+12,4.4742547306e+00,0,0,1,1
298,9.0299042969e+03,2.4285666016e+04,1.2695240234e+04,2.7313960002e+12,352,2.1959802669e+12,2.7368380617e+02,283,12.0-12.5,2.9390328716e+03,7.8372440620e+11,3.3214764558e+03,7.6975704055e+12,3.3214764558e+03,7.6975704055e+12,1.2136181904e+01,0,0,0,1
295,2.1306328125e+04,2.5953591797e+04,1.5571836914e+04,2.7546749466e+12,355,2.1804609717e+12,2.7380640601e+02,281,12.0-12.5,3.0172105408e+03,1.1484278428e+12,8.3803079023e+03,2.5141258179e+12,3.0172105408e+03,1.1484278428e+12,1.1019503103e+01,0,0,0,1
305,1.2853793945e+04,4.4428750000e+04,2.5166089844e+04,2.7003573295e+12,348,2.1804609717e+12,2.7161162359e+02,281,12.0-12.5,3.8978862002e+03,9.0011912000e+11,5.2112275953e+03,2.2270188572e+12,5.2112275953e+03,2.2270188572e+12,1.9186320256e+01,0,0,0,1
272,4.1142996094e+04,1.4729375977e+04,1.6148437500e+03,3.0495415255e+12,393,2.1571820290e+12,2.7184280449e+02,278,12.0-12.5,1.4590423047e+03,1.7381610593e+12,2.2000115436e+03,7.1388757793e+12,1.4590423047e+03,1.7381610593e+12,5.3672279738e+00,0,0,1,1
221,1.0825892578e+04,1.7961710938e+04,9.7034638672e+03,3.7091115225e+12,478,2.1261434386e+12,2.7165760963e+02,274,12.0-12.5,1.0858389414e+03,1.0165138338e+12,1.3440877878e+03,3.1426572724e+12,1.3440877878e+03,3.1426572724e+12,4.9477273602e+00,0,0,2,1
329,2.9724828125e+04,2.1004238281e+04,1.0456131836e+04,2.4365294213e+12,314,2.1028644959e+12,2.7092148584e+02,271,12.0-12.5,4.8818361326e+03,1.9864697821e+12,4.8843479725e+03,3.0029836159e+12,4.8818361326e+03,1.9864697821e+12,1.8019376047e+01,0,0,0,1
313,1.8225888672e+04,3.3553351562e+04,2.1070126953e+04,2.5994820462e+12,335,2.0951048483e+12,2.7082330324e+02,270,12.0-12.5,9.9749504305e+02,1.4976119841e+13,9.9749504305e+02,1.4976119841e+13,9.9749504305e+02,1.4976119841e+13,3.6831950247e+00,0,1,2,1
283,6.9578066406e+03,3.3704343750e+04,1.0828684570e+04,2.9176275715e+12,376,2.0873452007e+12,2.7051679317e+02,269,12.0-12.5,1.6546352743e+03,7.9148405379e+11,2.4948622893e+03,3.3366484621e+12,2.0380926915e+03,1.8390364779e+12,7.5340708709e+00,0,0,1,1
360,1.0287658203e+04,3.2525455078e+04,2.2194259766e+04,2.2192591794e+12,286,2.0873452007e+12,2.6901750932e+02,269,12.0-12.5,3.4202604301e+03,1.1561874903e+12,3.4335792084e+03,4.8109815034e+12,3.4202604301e+03,1.1561874903e+12,1.2713895236e+01,0,0,0,1
322,2.0037033203e+04,3.0584509766e+04,2.0092208984e+04,2.5063662605e+12,323,2.0795855531e+12,2.6877602445e+02,268,12.0-12.5,2.9931079042e+03,3.5228800041e+12,2.9931079042e+03,3.5228800041e+12,2.9931079042e+03,3.5228800041e+12,1.1136067327e+01,0,0,0,1
333,4.5644808594e+04,2.0360082031e+04,3.9873656250e+04,2.4132504749e+12,311,2.0563066103e+12,2.6303392264e+02,265,12.0-12.5,7.0911462222e+03,1.5208909269e+12,7.4862658565e+03,1.1833462569e+13,7.0911462222e+03,1.5208909269e+12,2.6959055893e+01,0,0,0,1
309,4.8070816406e+04,4.6667199219e+04,3.5983109375e+04,2.6615591610e+12,343,2.0485469628e+12,2.6858860707e+02,264,12.0-12.5,3.2140436412e+03,2.8943485496e+12,3.2140436412e+03,2.8943485496e+12,3.2140436412e+03,2.8943485496e+12,1.1966418368e+01,0,0,0,1
303,9.4269003906e+03,2.4730736328e+04,9.5913759766e+03,2.7081170538e+12,349,2.0407873152e+12,2.6424977584e+02,263,12.0-12.5,1.4233183715e+03,7.6975704055e+12,1.4233183715e+03,7.6975704055e+12,1.4233183715e+03,7.6975704055e+12,5.3862614149e+00,0,0,1,1
304,3.6942054688e+04,1.4324590820e+04,1.3773452148e+03,2.7003573295e+12,348,2.0407873152e+12,2.6602909851e+02,263,12.0-12.5,2.9326220330e+03,2.4287696945e+12,2.9326220330e+03,2.4287696945e+12,2.9326220330e+03,2.4287696945e+12,1.1023688948e+01,0,0,0,1
315,4.6468453125e+04,4.8168843750e+04,1.7755386963e+03,2.5529241534e+12,329,2.0330276676e+12,2.6628291627e+02,262,12.0-12.5,1.2571291224e+03,1.1329085476e+12,2.9793587414e+03,2.4675679324e+12,1.2571291224e+03,1.1329085476e+12,4.7210280706e+00,0,0,1,1
189,4.9987373047e+03,3.6494507812e+04,1.8106503906e+04,4.6790673204e+12,603,2.0252680200e+12,2.6614962110e+02,261,12.0-12.5,1.9144011466e+03,8.6132088207e+11,4.9972036614e+03,6.7353741048e+12,2.5182190241e+03,1.0630717193e+12,9.4616667634e+00,0,0,1,1
215,2.2467148438e+04,3.7450437500e+04,1.3244645508e+04,3.8875835960e+12,501,2.0252680200e+12,2.6741056429e+02,261,12.0-12.5,4.3053440573e+03,9.9323489103e+11,1.2665281501e+04,1.1670509970e+13,1.2665281501e+04,1.1670509970e+13,4.7362681929e+01,0,0,0,1
271,1.3966648438e+04,2.4082007812e+04,8.9150751953e+03,3.0573012499e+12,394,2.0252680200e+12,2.6725084995e+02,261,12.0-12.5,2.5716563163e+03,1.0087541862e+12,3.8405366359e+03,4.4881801638e+13,3.8405366359e+03,4.4881801638e+13,1.4370531045e+01,0,0,0,1
336,3.2329451172e+04,8.8289667969e+03,6.3636708984e+03,2.3977310262e+12,309,2.0097487248e+12,2.6586666656e+02,259,12.0-12.5,5.8800073736e+03,1.0320331290e+12,6.5574700920e+03,2.5529240559e+12,5.8800073736e+03,1.0320331290e+12,2.2116376790e+01,0,0,0,1
293,3.1434240234e+04,2.4373664062e+04,8.7086250000e+03,2.7701941687e+12,357,1.9942294296e+12,2.6543033231e+02,257,12.0-12.5,6.1836000273e+03,2.1028644959e+12,6.1836000273e+03,2.1028644959e+12,6.1836000273e+03,2.1028644959e+12,2.3296508629e+01,0,0,0,1
339,2.9277712891e+04,1.9458021484e+04,7.5908100586e+03,2.3434136357e+12,302,1.9864697821e+12,2.6315866629e+02,256,12.0-12.5,2.1643258793e+03,4.6092306662e+12,2.1643258793e+03,4.6092306662e+12,2.1643258793e+03,4.6092306662e+12,8.2244142281e+00,0,0,0,1
227,4.4972585938e+04,5.4618471680e+03,3.5561761719e+04,3.6703133541e+12,473,1.9787101345e+12,2.6467012089e+02,255,12.0-12.5,1.2172801930e+03,7.4104634448e+12,1.2172801930e+03,7.4104634448e+12,1.2172801930e+03,7.4104634448e+12,4.5992354139e+00,0,0,1,1
334,4.9303242188e+04,1.7353557129e+03,4.3979878906e+04,2.4054907506e+12,310,1.9787101345e+12,2.6284448581e+02,255,12.0-12.5,4.8500815331e+03,9.3891735793e+11,7.3634937098e+03,8.8250471998e+13,7.3634937098e+03,8.8250471998e+13,2.8014640243e+01,0,0,0,1
343,1.2031549805e+04,1.9128753906e+04,9.3693427734e+03,2.3123749650e+12,298,1.9476715441e+12,2.6435879562e+02,251,12.0-12.5,8.1395906313e+02,1.4432944510e+12,1.2449453859e+03,3.1426572724e+12,8.1395906313e+02,1.4432944510e+12,3.0789936882e+00,0,1,3,1
237,1.6312418213e+03,2.1452826172e+04,5.8835288086e+03,3.5151204536e+12,453,1.9321522490e+12,2.6369345913e+02,249,12.0-12.5,5.3082746914e+03,1.1732587150e+13,5.3082746914e+03,1.1732587150e+13,5.3082746914e+03,1.1732587150e+13,2.0130475397e+01,0,0,0,1
337,2.5456453125e+04,2.1233460938e+04,2.2305455078e+04,2.3744520798e+12,306,1.9321522490e+12,2.6230951917e+02,249,12.0-12.5,5.4062637015e+03,2.5141258179e+12,5.4062637015e+03,2.5141258179e+12,5.4062637015e+03,2.5141258179e+12,2.0610245936e+01,0,0,0,1
380,1.8530492188e+04,3.4266195312e+04,2.1128265625e+04,2.0795855009e+12,268,1.9321522490e+12,2.6009874846e+02,249,12.0-12.5,1.1547438188e+03,2.0951048483e+12,1.1547438188e+03,2.0951048483e+12,1.1547438188e+03,2.0951048483e+12,4.4396361981e+00,0,0,2,1
331,2.4267667969e+04,5.4719291992e+03,4.2200971680e+03,2.4287696970e+12,313,1.9166329538e+12,2.6282800802e+02,247,12.0-12.5,1.4890517398e+03,4.0272570972e+12,1.4890517398e+03,4.0272570972e+12,1.4890517398e+03,4.0272570972e+12,5.6654987077e+00,0,0,1,1
318,8.3606416016e+03,3.7913445312e+04,2.9786298828e+04,2.5296452070e+12,326,1.9011136586e+12,2.6154907539e+02,245,12.0-12.5,1.4978337797e+03,1.8157575352e+12,1.8921510790e+03,2.4442889896e+12,1.4978337797e+03,1.8157575352e+12,5.7267791043e+00,0,0,2,1
340,3.9172187500e+04,4.4822164062e+04,4.6685554688e+04,2.3356539114e+12,301,1.8933540110e+12,2.6166214718e+02,244,12.0-12.5,3.2850934575e+03,1.1096296048e+12,5.8738489152e+03,2.2192592096e+12,3.2850934575e+03,1.1096296048e+12,1.2554714134e+01,0,0,0,1
357,1.2182683594e+04,4.9734285156e+04,3.0610974609e+04,2.2347784014e+12,288,1.8778347159e+12,2.5973150150e+02,242,12.0-12.5,4.2076026368e+03,9.0011912000e+11,9.1997458299e+03,2.2270188572e+12,9.1997458299e+03,2.2270188572e+12,3.5420215787e+01,0,0,0,1
366,2.6934689453e+04,3.3545031250e+04,1.9718798828e+04,2.2037399573e+12,284,1.8700750683e+12,2.5870207545e+02,241,12.0-12.5,3.5811499082e+03,1.1670509970e+13,3.5811499082e+03,1.1670509970e+13,3.5811499082e+03,1.1670509970e+13,1.3842756777e+01,0,0,0,1
325,1.7910646973e+03,3.6394679688e+04,3.8214824219e+04,2.4675678654e+12,318,1.8623154207e+12,2.6020696221e+02,240,12.0-12.5,2.0117988564e+03,2.3992830336e+13,2.0117988564e+03,2.3992830336e+13,2.0117988564e+03,2.3992830336e+13,7.7315335425e+00,0,0,0,1
359,3.3728832031e+04,7.2018701172e+03,4.5416839844e+04,2.2270189037e+12,287,1.8623154207e+12,2.6024915104e+02,240,12.0-12.5,4.0597437219e+03,2.2813363903e+12,4.0597437219e+03,2.2813363903e+12,4.0597437219e+03,2.2813363903e+12,1.5599450395e+01,0,0,0,1
375,4.6395402344e+04,3.3492281250e+04,9.9525136719e+03,2.1106241717e+12,272,1.8545557731e+12,2.5857380136e+02,239,12.0-12.5,2.2472416035e+03,4.9196165696e+12,2.2472416035e+03,4.9196165696e+12,2.2472416035e+03,4.9196165696e+12,8.6909098743e+00,0,0,0,1
328,6.2502719727e+03,3.4144468750e+04,1.1918725586e+04,2.4442889190e+12,315,1.8390364779e+12,2.5722881850e+02,237,12.0-12.5,2.0380926915e+03,2.0873452007e+12,2.0380926915e+03,2.0873452007e+12,2.0380926915e+03,2.0873452007e+12,7.9232673207e+00,0,0,0,1
316,2.1868490234e+04,9.5983752441e+02,1.6820386719e+04,2.5296452070e+12,326,1.8312768303e+12,2.5845933466e+02,236,12.0-12.5,2.4232208728e+03,1.0087541862e+12,3.3989927627e+03,3.9031027358e+12,2.4232208728e+03,1.0087541862e+12,9.3756368907e+00,0,0,0,1
338,2.1498164062e+04,1.0574657227e+04,2.6784257812e+03,2.3511731334e+12,303,1.8312768303e+12,2.5538751764e+02,236,12.0-12.5,3.0233921726e+03,8.6908052965e+11,7.0491628690e+03,4.8963376269e+12,7.0491628690e+03,4.8963376269e+12,2.7601830090e+01,0,0,0,1
384,4.3085109375e+04,4.4133867188e+04,4.6042617188e+04,2.0640662789e+12,266,1.8312768303e+12,2.5548872469e+02,236,12.0-12.5,3.6596158805e+03,8.3028229172e+11,3.8906755484e+03,5.0049726931e+12,3.8906755484e+03,5.0049726931e+12,1.5228364982e+01,0,0,0,1
308,1.0052625000e+04,3.7064796875e+04,2.8519708984e+04,2.6693186587e+12,344,1.8235171828e+12,2.5858082084e+02,235,12.0-12.5,3.3831790072e+03,1.9011136586e+12,3.3831790072e+03,1.9011136586e+12,3.3831790072e+03,1.9011136586e+12,1.3083642461e+01,0,0,0,1
386,2.1058156250e+04,4.9963480469e+04,4.9395820312e+03,2.0563065545e+12,265,1.8235171828e+12,2.5855994683e+02,235,12.0-12.5,2.0314721697e+03,1.7381610593e+12,3.8041021992e+03,1.0863506621e+13,2.0314721697e+03,1.7381610593e+12,7.8568710838e+00,0,0,0,1
321,3.3391855469e+04,9.1294248047e+03,4.2873406250e+04,2.5141257582e+12,324,1.8157575352e+12,2.5763728642e+02,234,12.0-12.5,3.8689838609e+03,1.3036207945e+12,4.7668766281e+03,1.8623154207e+12,3.8689838609e+03,1.3036207945e+12,1.5017173619e+01,0,0,0,1
376,7.6069887695e+03,3.7849714844e+04,2.9119441406e+04,2.1106241717e+12,272,1.8157575352e+12,2.5737631638e+02,234,12.0-12.5,1.4978337797e+03,1.9011136586e+12,1.4978337797e+03,1.9011136586e+12,1.4978337797e+03,1.9011136586e+12,5.8196255225e+00,0,0,1,1
223,9.8261728516e+03,4.2317246094e+03,2.5332273438e+04,3.6780728518e+12,474,1.8079978876e+12,2.5774671714e+02,233,12.0-12.5,6.3566469170e+03,5.7421392138e+12,6.3566469170e+03,5.7421392138e+12,6.3566469170e+03,5.7421392138e+12,2.4662377808e+01,0,0,0,1
265,2.8460636719e+04,9.0160625000e+03,2.6765953125e+04,3.1116186404e+12,401,1.8079978876e+12,2.5698867538e+02,233,12.0-12.5,5.9185418842e+03,7.9924370138e+11,9.3369756405e+03,2.4210100469e+12,9.0314369725e+03,9.6995594827e+11,3.5143326682e+01,0,0,0,1
323,2.7694716797e+04,4.1718976562e+04,1.5271398926e+03,2.4908468118e+12,321,1.8079978876e+12,2.5510501477e+02,233,12.0-12.5,3.1427812679e+03,1.2493032614e+12,4.1940874336e+03,8.8304789531e+12,3.1427812679e+03,1.2493032614e+12,1.2319558950e+01,0,0,0,1
378,1.7710322266e+04,2.3206716797e+04,8.3811269531e+03,2.0951049496e+12,270,1.8079978876e+12,2.5562942958e+02,233,12.0-12.5,1.4050088010e+03,1.3369872791e+13,1.4050088010e+03,1.3369872791e+13,1.4050088010e+03,1.3369872791e+13,5.4962717060e+00,0,0,3,1
353,1.6970398438e+04,2.3615681641e+04,7.6707270508e+03,2.2502978501e+12,290,1.8002382400e+12,2.5406070372e+02,232,12.0-12.5,1.1361422476e+03,6.4172285538e+12,1.1361422476e+03,6.4172285538e+12,1.1361422476e+03,6.4172285538e+12,4.4719322229e+00,0,0,3,1
264,6.3849301758e+03,3.6626410156e+04,6.6812622070e+03,3.1193783647e+12,402,1.7769592972e+12,2.5609000413e+02,229,12.0-12.5,5.8214160424e+03,8.3028229172e+11,6.5920312184e+03,3.3366484621e+12,6.5920312184e+03,3.3366484621e+12,2.5741071936e+01,0,0,0,1
351,4.6848609375e+04,3.0196220703e+04,1.9616113281e+04,2.2580573478e+12,291,1.7691996496e+12,2.5478102492e+02,228,12.0-12.5,4.6500734182e+03,2.3278942759e+12,4.6500734182e+03,2.3278942759e+12,4.6500734182e+03,2.3278942759e+12,1.8251254856e+01,0,0,0,1
358,1.7365888672e+04,4.5572382812e+04,8.6927519531e+03,2.2270189037e+12,287,1.7691996496e+12,2.5460347691e+02,228,12.0-12.5,5.0056747378e+03,9.5443665310e+11,7.2338883975e+03,1.3168121954e+13,5.0056747378e+03,9.5443665310e+11,1.9660669205e+01,0,0,0,1
277,4.0501339844e+04,1.4281375977e+04,1.0212583008e+03,2.9719449620e+12,383,1.7381610593e+12,2.5360659415e+02,224,12.0-12.5,1.4590423047e+03,2.1571820290e+12,1.4590423047e+03,2.1571820290e+12,1.4590423047e+03,2.1571820290e+12,5.7531717960e+00,0,0,2,1
368,2.1719484375e+04,4.9033562500e+04,4.1857968750e+03,2.1804610109e+12,281,1.7381610593e+12,2.5391573737e+02,224,12.0-12.5,1.2511289506e+03,1.1173892524e+12,2.0314721697e+03,1.8235171828e+12,1.2511289506e+03,1.1173892524e+12,4.9273391383e+00,0,0,1,1
400,1.1843419922e+04,1.1740379883e+04,7.7073833008e+03,1.9942294397e+12,257,1.7381610593e+12,2.5445811085e+02,224,12.0-12.5,3.5578415155e+03,4.2134886393e+12,3.5578415155e+03,4.2134886393e+12,3.5578415155e+03,4.2134886393e+12,1.3982032263e+01,0,0,0,1
385,4.8073460938e+04,3.5404546875e+04,4.5442753906e+04,2.0563065545e+12,265,1.7304014117e+12,2.5379112082e+02,223,12.0-12.5,4.0388365299e+03,1.3579383276e+12,7.2782125877e+03,3.0650607965e+12,4.0388365299e+03,1.3579383276e+12,1.5914018256e+01,0,0,0,1
435,3.7415402344e+04,9.1312333984e+03,3.2690873047e+04,1.8002382574e+12,232,1.7226417641e+12,2.5203693384e+02,222,12.0-12.5,8.7090060554e+03,1.4432944510e+12,9.6842333228e+03,4.0039781545e+12,8.7090060554e+03,1.4432944510e+12,3.4554483435e+01,0,0,0,1
330,2.9697650391e+04,1.4433193359e+04,4.7724296875e+04,2.4365294213e+12,314,1.7071224690e+12,2.5292542393e+02,220,12.0-12.5,3.4558189841e+03,1.1639471379e+12,8.5044127512e+03,6.9060863517e+12,3.4558189841e+03,1.1639471379e+12,1.3663391091e+01,0,0,0,1
372,1.5401696289e+04,9.4722783203e+03,7.6039790039e+03,2.1571820645e+12,278,1.7071224690e+12,2.4996122987e+02,220,12.0-12.5,1.9702009816e+03,3.9108623834e+12,1.9702009816e+03,3.9108623834e+12,1.9702009816e+03,3.9108623834e+12,7.8820262754e+00,0,0,1,1
349,2.6380031738e+03,3.7629066406e+04,2.5958302734e+04,2.2658170722e+12,292,1.6993628214e+12,2.5151985602e+02,219,12.0-12.5,2.5784078790e+03,1.4665733938e+12,7.4227447928e+03,2.3403097120e+13,2.5784078790e+03,1.4665733938e+12,1.0251309458e+01,0,0,0,1
327,1.7644437500e+04,4.7741840820e+03,7.0782373047e+03,2.4442889190e+12,315,1.6838435262e+12,2.5096010893e+02,217,12.0-12.5,2.3886892083e+03,1.6372856407e+12,3.0548301045e+03,2.5451644083e+12,2.3886892083e+03,1.6372856407e+12,9.5182027871e+00,0,0,0,1
426,3.7167226562e+04,4.9266617188e+04,3.9851878906e+04,1.8623153723e+12,240,1.6838435262e+12,2.5052858586e+02,217,12.0-12.5,1.1659337779e+03,7.7596475862e+11,4.7577250888e+03,2.6460398269e+12,2.9981699106e+03,1.6372856407e+12,1.1967376498e+01,0,0,1,1
383,1.0688750977e+04,2.2981960938e+04,8.7247363281e+03,2.0718260032e+12,267,1.6760838786e+12,2.4963345348e+02,216,12.0-12.5,1.7831451422e+03,5.1508540677e+13,1.7831451422e+03,5.1508540677e+13,1.7831451422e+03,5.1508540677e+13,7.1430536146e+00,0,0,1,1
222,3.1195330078e+04,3.5064277344e+04,3.3496039062e+04,3.7091115225e+12,478,1.6683242310e+12,2.5108304607e+02,215,12.0-12.5,1.5036246460e+03,1.5922796847e+13,1.5036246460e+03,1.5922796847e+13,1.5036246460e+03,1.5922796847e+13,5.9885550600e+00,0,0,1,1
344,3.4932406250e+04,6.1224541016e+03,2.9336621094e+03,2.3123749650e+12,298,1.6683242310e+12,2.4678533501e+02,215,12.0-12.5,3.5287313562e+03,2.8633099593e+12,3.5287313562e+03,2.8633099593e+12,3.5287313562e+03,2.8633099593e+12,1.4298788686e+01,0,0,0,1
261,1.8563013672e+04,3.3920053711e+03,6.6277026367e+03,3.1426573111e+12,405,1.6605645834e+12,2.5059620093e+02,214,12.0-12.5,1.8072238815e+03,9.3891735793e+11,2.5544352270e+03,1.6838435262e+12,1.8072238815e+03,9.3891735793e+11,7.2116970439e+00,0,0,1,1
341,2.4826246094e+04,4.9948542969e+04,7.3239633789e+03,2.3278941870e+12,300,1.6605645834e+12,2.5029155645e+02,214,12.0-12.5,1.8381609903e+03,1.2493032614e+12,4.1979580311e+03,1.0863506621e+13,1.8381609903e+03,1.2493032614e+12,7.3440791067e+00,0,0,1,1
332,4.4315500000e+04,2.5487773438e+03,4.0958742188e+04,2.4287696970e+12,313,1.6528049359e+12,2.4987664649e+02,213,12.0-12.5,3.9441936530e+03,1.1949857283e+12,4.0717081127e+03,2.3977311041e+12,3.9441936530e+03,1.1949857283e+12,1.5784562937e+01,0,0,0,1
423,7.3748413086e+03,3.0051748047e+04,3.3276496094e+04,1.8855943187e+12,243,1.6528049359e+12,2.5031221066e+02,213,12.0-12.5,2.7969784104e+03,1.3734576228e+12,4.0087858992e+03,4.6092306662e+12,2.7969784104e+03,1.3734576228e+12,1.1173959125e+01,0,0,0,1
413,2.3347640625e+04,4.5850906250e+04,9.6518398438e+03,1.9243926005e+12,248,1.6450452883e+12,2.4609245057e+02,212,12.0-12.5,4.8088291151e+03,1.0941103097e+12,5.6964225192e+03,2.2890960379e+12,4.8088291151e+03,1.0941103097e+12,1.9540742124e+01,0,0,0,1
312,3.7179117188e+04,1.2141945801e+03,3.9322152344e+04,2.6072415439e+12,336,1.6372856407e+12,2.4940495730e+02,211,12.0-12.5,2.9981699106e+03,1.6838435262e+12,2.9981699106e+03,1.6838435262e+12,2.9981699106e+03,1.6838435262e+12,1.2021292371e+01,0,0,0,1
403,1.8135074219e+04,4.0945078125e+03,8.4505312500e+03,1.9709504933e+12,254,1.6372856407e+12,2.4807304700e+02,211,12.0-12.5,2.3886892083e+03,1.6838435262e+12,2.3886892083e+03,1.6838435262e+12,2.3886892083e+03,1.6838435262e+12,9.6289751632e+00,0,0,0,1
387,3.2546576172e+04,1.2672645508e+04,3.1552856445e+03,2.0485470568e+12,264,1.6295259931e+12,2.4880560867e+02,210,12.0-12.5,2.2187368522e+03,2.5529240559e+12,2.2187368522e+03,2.5529240559e+12,2.2187368522e+03,2.5529240559e+12,8.9175515942e+00,0,0,0,1
348,2.9330857422e+04,2.5173455078e+04,7.0533978271e+02,2.2658170722e+12,292,1.6217663455e+12,2.4794058170e+02,209,12.0-12.5,6.8414543198e+03,8.3804193931e+11,1.2349422055e+04,1.9942294296e+12,6.8414543198e+03,8.3804193931e+11,2.7593120387e+01,0,0,0,1
374,3.2356384277e+03,3.8253351562e+04,1.8528875000e+04,2.1106241717e+12,272,1.6217663455e+12,2.4840192334e+02,209,12.0-12.5,2.2171153820e+03,1.0630717193e+12,3.7521606327e+03,2.0252680200e+12,2.2171153820e+03,1.0630717193e+12,8.9255161643e+00,0,0,0,1
425,3.6774008789e+03,4.2657488281e+04,2.8440564453e+04,1.8778347077e+12,242,1.6217663455e+12,2.4782410404e+02,209,12.0-12.5,2.6328012345e+03,8.7684017724e+11,3.7025646196e+03,5.3386375393e+12,2.6328012345e+03,8.7684017724e+11,1.0623668931e+01,0,0,0,1
394,1.9365919922e+04,1.3366557617e+04,6.4444545898e+03,2.0175083861e+12,260,1.6062470503e+12,2.4773159736e+02,207,12.0-12.5,3.9866160029e+03,8.1476299655e+11,4.0732511108e+03,4.8963376269e+12,3.9866160029e+03,8.1476299655e+11,1.6092480916e+01,0,0,0,1
404,1.7536537109e+04,4.9630593750e+04,2.3301226562e+04,1.9554312712e+12,252,1.6062470503e+12,2.4769099556e+02,207,12.0-12.5,4.0839773091e+03,1.2958611469e+12,8.5481578849e+03,9.4978086455e+12,4.0839773091e+03,1.2958611469e+12,1.6488194494e+01,0,0,0,1
405,5.7121274414e+03,3.0033380859e+04,1.7503619141e+04,1.9554312712e+12,252,1.6062470503e+12,2.4610859935e+02,207,12.0-12.5,3.4139090143e+03,4.6340615385e+13,3.4139090143e+03,4.6340615385e+13,3.4139090143e+03,4.6340615385e+13,1.3871555172e+01,0,0,0,1
454,1.7445220703e+04,2.5046364746e+03,1.2671928711e+04,1.7148820828e+12,221,1.5984874028e+12,2.3859273176e+02,206,12.0-12.5,1.2507299527e+03,2.8477906641e+12,1.2507299527e+03,2.8477906641e+12,1.2507299527e+03,2.8477906641e+12,5.2421125466e+00,0,0,1,1
410,4.9985746094e+04,4.5578929688e+04,1.2119822266e+04,1.9321523248e+12,249,1.5829681076e+12,2.4559915390e+02,204,12.0-12.5,2.9673111778e+03,2.6615591221e+12,2.9673111778e+03,2.6615591221e+12,2.9673111778e+03,2.6615591221e+12,1.2081927526e+01,0,0,0,1
422,1.1226399414e+04,2.4570476562e+04,1.1226964844e+04,1.8933540430e+12,244,1.5829681076e+12,2.4583752732e+02,204,12.0-12.5,3.2060993970e+03,7.6975704055e+12,3.2060993970e+03,7.6975704055e+12,3.2060993970e+03,7.6975704055e+12,1.3041537767e+01,0,0,0,1
430,3.8306480469e+04,3.0576226562e+04,2.2389359375e+04,1.8235172038e+12,235,1.5829681076e+12,2.4669038707e+02,204,12.0-12.5,4.7187946010e+03,1.1507557370e+13,4.7187946010e+03,1.1507557370e+13,4.7187946010e+03,1.1507557370e+13,1.9128408922e+01,0,0,0,1
402,1.2556693115e+03,3.6554910156e+04,1.2031046875e+04,1.9942294397e+12,257,1.5752084600e+12,2.4495726643e+02,203,12.0-12.5,2.5532700267e+03,3.7401501365e+12,2.5532700267e+03,3.7401501365e+12,2.5532700267e+03,3.7401501365e+12,1.0423328378e+01,0,0,0,1
412,4.1070519531e+04,1.5764722656e+04,4.3066042969e+04,1.9243926005e+12,248,1.5752084600e+12,2.4620142367e+02,203,12.0-12.5,2.0180726410e+03,3.7711887269e+12,2.0180726410e+03,3.7711887269e+12,2.0180726410e+03,3.7711887269e+12,8.1968357899e+00,0,0,0,1
361,4.1070242188e+04,8.6824580078e+03,4.3090949219e+04,2.2114994550e+12,285,1.5674488124e+12,2.4538563146e+02,202,12.0-12.5,3.3677117429e+03,4.7256253800e+13,3.3677117429e+03,4.7256253800e+13,3.3677117429e+03,4.7256253800e+13,1.3724160306e+01,0,0,0,1
367,4.2301824219e+04,4.9448402344e+04,4.2586027344e+04,2.1882205086e+12,282,1.5674488124e+12,2.4190124710e+02,202,12.0-12.5,1.0814339402e+03,5.9904479365e+12,1.0814339402e+03,5.9904479365e+12,1.0814339402e+03,5.9904479365e+12,4.4705595906e+00,0,0,1,1
401,2.5881468750e+04,4.7544359375e+04,2.2961605469e+04,1.9942294397e+12,257,1.5596891648e+12,2.4013399872e+02,201,12.0-12.5,2.4922687370e+03,9.2339806276e+11,5.0753963418e+03,4.9506551600e+12,2.4922687370e+03,9.2339806276e+11,1.0378658375e+01,0,0,0,1
411,1.9602452393e+03,3.3595019531e+04,2.4910574219e+04,1.9321523248e+12,249,1.5596891648e+12,2.4366170214e+02,201,12.0-12.5,3.4007735763e+03,8.4580158689e+11,6.2724784294e+03,1.6993628214e+12,3.4007735763e+03,8.4580158689e+11,1.3956947466e+01,0,0,0,1
414,1.3023021484e+04,4.4789839844e+04,6.9845083008e+03,1.9243926005e+12,248,1.5596891648e+12,2.4507581710e+02,201,12.0-12.5,2.3898361969e+03,4.6325096090e+12,2.3898361969e+03,4.6325096090e+12,2.3898361969e+03,4.6325096090e+12,9.7514158077e+00,0,0,0,1
436,4.2714031250e+04,1.6012010742e+04,3.4436184082e+03,1.7924786464e+12,231,1.5519295172e+12,2.4395842072e+02,200,12.0-12.5,2.1137155463e+03,7.1388757793e+12,2.1137155463e+03,7.1388757793e+12,2.1137155463e+03,7.1388757793e+12,8.6642450791e+00,0,0,0,1
444,4.5310278320e+03,1.4267546875e+04,1.2656700195e+04,1.7304014182e+12,223,1.5519295172e+12,2.4288415291e+02,200,12.0-12.5,6.5267424082e+03,8.3028229172e+11,1.0767738554e+04,4.2134886393e+12,6.5267424082e+03,8.3028229172e+11,2.6871833053e+01,0,0,0,1
466,4.9721496094e+04,3.3140230469e+04,3.0101429688e+04,1.6683241900e+12,215,1.5519295172e+12,2.4375503790e+02,200,12.0-12.5,1.4789704395e+03,2.2502978000e+12,1.4789704395e+03,2.2502978000e+12,1.4789704395e+03,2.2502978000e+12,6.0674456300e+00,0,0,1,1
364,4.6080218750e+04,7.8370224609e+03,4.6015171875e+04,2.2037399573e+12,284,1.5441698697e+12,2.4352051303e+02,199,12.0-12.5,2.9039787347e+03,1.1639471379e+12,8.2021020175e+03,4.7256253800e+13,2.9039787347e+03,1.1639471379e+12,1.1924986107e+01,0,0,0,1
369,4.8169695312e+04,2.4757550781e+04,9.7293984375e+03,2.1727012865e+12,280,1.5441698697e+12,2.4426321144e+02,199,12.0-12.5,2.9114375601e+03,4.4385184193e+12,2.9114375601e+03,4.4385184193e+12,2.9114375601e+03,4.4385184193e+12,1.1919263417e+01,0,0,0,1
421,3.5667246094e+04,3.4686761719e+04,7.4782602539e+03,1.9011136541e+12,245,1.5441698697e+12,2.3402785024e+02,199,12.0-12.5,3.1490321266e+03,8.2252264414e+11,3.5525768876e+03,2.7158766552e+12,3.1490321266e+03,8.2252264414e+11,1.3455800767e+01,0,0,0,1
390,4.1786175781e+04,1.5620477539e+04,4.4513363281e+04,2.0407873325e+12,263,1.5286505745e+12,2.3995473628e+02,197,12.0-12.5,1.4552250675e+03,3.7711887269e+12,1.4552250675e+03,3.7711887269e+12,1.4552250675e+03,3.7711887269e+12,6.0645815545e+00,0,0,1,1
345,4.3506281250e+04,2.4562730469e+04,3.9129863281e+04,2.2890960186e+12,295,1.5208909269e+12,2.3937252001e+02,196,12.0-12.5,2.2020685615e+03,9.2339806276e+11,7.0911462222e+03,2.0563066103e+12,2.2020685615e+03,9.2339806276e+11,9.1993373401e+00,0,0,0,1
417,4.8008390625e+04,1.4820254883e+04,3.5819105469e+04,1.9088733784e+12,246,1.5208909269e+12,2.4252847273e+02,196,12.0-12.5,5.8284574408e+03,2.5994819414e+12,5.8284574408e+03,2.5994819414e+12,5.8284574408e+03,2.5994819414e+12,2.4032054362e+01,0,0,0,1
342,4.3959355469e+04,1.6312397461e+04,1.2039266357e+03,2.3123749650e+12,298,1.5053716317e+12,2.3694195694e+02,194,12.0-12.5,3.8326964921e+03,1.5519295172e+12,3.8326964921e+03,1.5519295172e+12,3.8326964921e+03,1.5519295172e+12,1.6175676700e+01,0,0,0,1
416,2.5755029297e+04,2.8301230469e+04,4.1775830078e+03,1.9166328761e+12,247,1.5053716317e+12,2.4148458360e+02,194,12.0-12.5,1.9268977766e+03,8.3804193931e+11,8.3129461686e+03,2.3666925138e+12,1.9268977766e+03,8.3804193931e+11,7.9793821530e+00,0,0,1,1
439,3.7305222656e+04,1.0164275391e+04,4.6487769531e+04,1.7847189220e+12,230,1.5053716317e+12,2.3288197982e+02,194,12.0-12.5,5.8241189013e+03,4.7256253800e+13,5.8241189013e+03,4.7256253800e+13,5.8241189013e+03,4.7256253800e+13,2.5008886071e+01,0,0,0,1
355,1.9814927734e+04,3.4582101562e+04,2.1692933594e+04,2.2425381258e+12,289,1.4976119841e+12,2.4124553197e+02,193,12.0-12.5,2.1102455712e+03,1.4277751559e+12,2.1363647249e+03,1.9321522490e+12,2.1102455712e+03,1.4277751559e+12,8.7472939042e+00,0,0,0,1
431,2.1348320312e+04,3.3526265625e+04,5.7482309570e+03,1.8235172038e+12,235,1.4976119841e+12,2.4208200164e+02,193,12.0-12.5,1.7291270221e+03,3.9341413262e+12,1.7291270221e+03,3.9341413262e+12,1.7291270221e+03,3.9341413262e+12,7.1427326709e+00,0,0,1,1
447,3.5617449219e+04,4.7092632812e+04,3.7869023438e+04,1.7304014182e+12,223,1.4976119841e+12,2.4080887137e+02,193,12.0-12.5,1.8463806627e+03,2.6460398269e+12,1.8463806627e+03,2.6460398269e+12,1.8463806627e+03,2.6460398269e+12,7.6674113050e+00,0,0,1,1
289,3.7064516602e+03,4.6463625000e+04,2.1629960938e+04,2.8012328394e+12,361,1.4898523365e+12,2.4014325073e+02,192,12.0-12.5,2.4845432916e+03,2.5141258179e+12,2.4845432916e+03,2.5141258179e+12,2.4845432916e+03,2.5141258179e+12,1.0346088362e+01,0,0,0,1
300,3.5522839844e+04,3.9411160156e+04,3.8597089844e+04,2.7313960002e+12,352,1.4820926890e+12,2.4037464595e+02,191,12.0-12.5,2.3339830983e+03,8.5356123448e+11,3.5354034216e+03,7.1311161317e+12,2.3339830983e+03,8.5356123448e+11,9.7097723811e+00,0,0,0,1
352,4.6773214844e+04,2.7600587891e+04,3.9087703125e+04,2.2502978501e+12,290,1.4820926890e+12,2.4081462401e+02,191,12.0-12.5,4.3651350108e+03,1.4510540986e+12,6.6270074470e+03,1.5208909269e+12,4.3651350108e+03,1.4510540986e+12,1.8126536246e+01,0,0,0,1
373,6.2731630859e+03,1.4744995117e+03,2.6924625000e+04,2.1261433937e+12,274,1.4820926890e+12,2.4010911959e+02,191,12.0-12.5,5.1971025660e+03,1.0087541862e+12,7.0869397003e+03,1.8079978876e+12,5.1971025660e+03,1.0087541862e+12,2.1644752915e+01,0,0,0,1
406,1.5050582031e+04,3.6599123535e+03,3.0964108887e+03,1.9476715469e+12,251,1.4820926890e+12,2.4055937744e+02,191,12.0-12.5,4.7984108141e+03,9.2339806276e+11,5.5035119347e+03,8.5511316400e+12,4.7984108141e+03,9.2339806276e+11,1.9946887397e+01,0,0,0,1
459,5.5334262695e+03,3.0661918945e+03,4.2947433594e+04,1.6993628608e+12,219,1.4820926890e+12,2.4075655187e+02,191,12.0-12.5,3.0290441440e+03,8.6132088207e+11,6.6515453183e+03,3.5616782421e+12,3.0290441440e+03,8.6132088207e+11,1.2581357062e+01,0,0,0,1
475,5.7044243164e+03,2.1820740234e+04,2.1584802734e+04,1.6450452436e+12,212,1.4820926890e+12,2.4070628848e+02,191,12.0-12.5,2.0301313520e+03,2.5451644083e+12,2.0301313520e+03,2.5451644083e+12,2.0301313520e+03,2.5451644083e+12,8.4340603016e+00,0,0,0,1
395,4.7882125000e+04,3.3366199219e+04,1.1913531250e+04,2.0175083861e+12,260,1.4743330414e+12,2.3682780609e+02,190,12.0-12.5,1.0849903010e+03,8.6132088207e+11,3.6602919429e+03,1.8545557731e+12,1.0849903010e+03,8.6132088207e+11,4.5813467553e+00,0,0,1,1
398,3.1582009766e+04,2.9216466797e+04,3.9450136719e+04,2.0019891640e+12,258,1.4743330414e+12,2.4009775848e+02,190,12.0-12.5,4.8252456929e+03,9.9711471482e+12,4.8252456929e+03,9.9711471482e+12,4.8252456929e+03,9.9711471482e+12,2.0097004335e+01,0,0,0,1
480,3.3771074219e+04,1.1421989258e+04,3.1138820801e+03,1.6217662972e+12,209,1.4743330414e+12,2.4063135287e+02,190,12.0-12.5,1.1162383247e+03,2.5529240559e+12,1.1162383247e+03,2.5529240559e+12,1.1162383247e+03,2.5529240559e+12,4.6387900473e+00,0,0,2,1
335,2.1660544434e+03,3.9217765625e+04,2.6474292969e+04,2.4054907506e+12,310,1.4665733938e+12,2.3844509023e+02,189,12.0-12.5,2.5784078790e+03,1.6993628214e+12,2.5784078790e+03,1.6993628214e+12,2.5784078790e+03,1.6993628214e+12,1.0813424074e+01,0,0,0,1
356,4.0090042969e+04,1.9382201172e+04,4.0600187500e+04,2.2425381258e+12,289,1.4665733938e+12,2.3559996171e+02,189,12.0-12.5,1.2329263430e+03,1.1833462569e+13,1.2329263430e+03,1.1833462569e+13,1.2329263430e+03,1.1833462569e+13,5.2331347342e+00,0,0,1,1
465,3.0925226562e+04,2.7760699219e+04,2.8951343750e+04,1.6760839144e+12,216,1.4665733938e+12,2.4017843642e+02,189,12.0-12.5,4.4598623907e+03,3.4685624710e+12,4.4598623907e+03,3.4685624710e+12,4.4598623907e+03,3.4685624710e+12,1.8568954221e+01,0,0,0,1
302,8.0783486328e+03,2.3885369141e+04,1.5111381836e+04,2.7081170538e+12,349,1.4588137462e+12,2.3748774144e+02,188,12.0-12.5,3.1500108624e+03,6.9293652945e+12,3.1500108624e+03,6.9293652945e+12,3.1500108624e+03,6.9293652945e+12,1.3263888246e+01,0,0,0,1
418,3.9451011719e+04,3.6614886719e+04,5.0921943359e+03,1.9088733784e+12,246,1.4510540986e+12,2.3825340947e+02,187,12.0-12.5,9.7459269369e+02,9.4667700551e+11,6.1099363091e+03,2.7158766552e+12,9.7459269369e+02,9.4667700551e+11,4.0905718657e+00,0,1,1,1
429,4.5860734375e+04,2.9376816406e+04,4.1243582031e+04,1.8467961502e+12,238,1.4510540986e+12,2.3749258441e+02,187,12.0-12.5,4.3651350108e+03,1.4820926890e+12,4.3651350108e+03,1.4820926890e+12,4.3651350108e+03,1.4820926890e+12,1.8380089726e+01,0,0,0,1
379,1.1617293945e+04,1.9297980469e+04,9.0530966797e+03,2.0873452253e+12,269,1.4432944510e+12,2.3864614795e+02,186,12.0-12.5,8.1395906313e+02,1.9476715441e+12,8.1395906313e+02,1.9476715441e+12,8.1395906313e+02,1.9476715441e+12,3.4107362306e+00,0,1,3,1
407,2.9941824219e+04,2.9642705078e+04,3.4294937500e+04,1.9476715469e+12,251,1.4432944510e+12,2.3888983512e+02,186,12.0-12.5,5.0909205620e+03,3.4685624710e+12,5.0909205620e+03,3.4685624710e+12,5.0909205620e+03,3.4685624710e+12,2.1310745848e+01,0,0,0,1
445,9.8932119141e+03,2.0330574951e+03,1.1066813965e+03,1.7304014182e+12,223,1.4432944510e+12,2.3882807406e+02,186,12.0-12.5,2.9944557088e+03,1.0397927765e+12,8.3681436978e+03,3.5616782421e+12,2.9944557088e+03,1.0397927765e+12,1.2538122751e+01,0,0,0,1
450,4.3909308594e+04,4.1292445312e+04,3.7264738281e+04,1.7304014182e+12,223,1.4432944510e+12,2.3786812952e+02,186,12.0-12.5,3.0006453256e+03,1.2027453759e+12,5.6851643001e+03,2.2580574476e+12,3.0006453256e+03,1.2027453759e+12,1.2614743016e+01,0,0,0,1
461,3.8433562500e+04,3.3980148926e+03,3.2007363281e+04,1.6993628608e+12,219,1.4432944510e+12,2.3818383217e+02,186,12.0-12.5,5.5399463916e+03,9.2339806276e+11,5.8948713011e+03,1.4332069092e+13,5.5399463916e+03,9.2339806276e+11,2.3259120239e+01,0,0,0,1
286,3.7922921875e+04,1.2784043945e+04,3.0825788574e+03,2.8477907322e+12,367,1.4355348034e+12,2.3758716903e+02,185,12.0-12.5,1.8475808609e+03,5.0577382967e+13,1.8475808609e+03,5.0577382967e+13,1.8475808609e+03,5.0577382967e+13,7.7764336702e+00,0,0,1,1
363,3.6134937500e+04,4.9493863281e+04,3.0635687500e+04,2.2114994550e+12,285,1.4355348034e+12,2.3858328370e+02,185,12.0-12.5,4.4773846817e+03,9.2339806276e+11,7.0315858689e+03,1.4432944510e+12,4.4773846817e+03,9.2339806276e+11,1.8766548151e+01,0,0,0,1
393,2.0984250000e+04,3.5386488281e+04,2.1631281250e+04,2.0252681104e+12,261,1.4277751559e+12,2.3753241721e+02,184,12.0-12.5,2.1102455712e+03,1.4976119841e+12,2.1102455712e+03,1.4976119841e+12,2.1102455712e+03,1.4976119841e+12,8.8840318974e+00,0,0,0,1
424,4.6120734375e+04,3.5294734375e+04,4.2418062500e+04,1.8778347077e+12,242,1.4277751559e+12,2.3762491003e+02,184,12.0-12.5,5.3430887991e+03,1.2493032614e+12,5.3504724863e+03,1.7304014117e+12,5.3430887991e+03,1.2493032614e+12,2.2485390098e+01,0,0,0,1
438,3.0500855469e+04,3.3457511719e+04,1.1775242188e+04,1.7847189220e+12,230,1.4277751559e+12,2.3807245103e+02,184,12.0-12.5,7.3677660615e+03,4.7644236179e+12,7.3677660615e+03,4.7644236179e+12,7.3677660615e+03,4.7644236179e+12,3.0947579318e+01,0,0,0,1
458,4.3006777344e+04,6.0121254883e+03,3.6132437500e+04,1.7071224718e+12,220,1.4277751559e+12,2.3600085850e+02,184,12.0-12.5,1.9379537040e+03,7.4104634448e+12,1.9379537040e+03,7.4104634448e+12,1.9379537040e+03,7.4104634448e+12,8.2116383655e+00,0,0,1,1
434,7.7366416016e+03,3.2556380859e+04,2.2559087891e+04,1.8079978684e+12,233,1.4200155083e+12,2.3527507997e+02,183,12.0-12.5,1.1575937752e+03,1.1561874903e+12,1.4073590231e+03,4.8109815034e+12,1.1575937752e+03,1.1561874903e+12,4.9201716362e+00,0,0,2,1
388,3.1566605469e+04,2.3069230469e+04,1.3942795898e+04,2.0407873325e+12,263,1.4122558607e+12,2.3432901898e+02,182,12.0-12.5,6.6119992670e+03,2.1028644959e+12,6.6119992670e+03,2.1028644959e+12,6.6119992670e+03,2.1028644959e+12,2.8216732592e+01,0,0,0,1
392,2.4528898438e+04,3.8760824219e+04,4.1491238281e+04,2.0330276081e+12,262,1.4122558607e+12,2.3706753369e+02,182,12.0-12.5,3.8721042683e+03,1.0087541862e+12,1.0064866231e+04,2.4830872276e+12,3.8721042683e+03,1.0087541862e+12,1.6333338471e+01,0,0,0,1
463,9.9406025391e+03,3.0182328125e+04,3.3643273438e+04,1.6838435254e+12,217,1.4122558607e+12,2.3479757157e+02,182,12.0-12.5,3.8271681705e+03,1.3734576228e+12,3.8549190337e+03,1.6528049359e+12,3.8271681705e+03,1.3734576228e+12,1.6299862664e+01,0,0,0,1
464,2.7520099609e+04,3.3087807617e+03,4.2319429688e+04,1.6760839144e+12,216,1.3967365655e+12,2.3606964254e+02,180,12.0-12.5,2.7307164183e+03,2.2890960379e+12,2.7307164183e+03,2.2890960379e+12,2.7307164183e+03,2.2890960379e+12,1.1567418788e+01,0,0,0,1
326,8.8555224609e+03,4.4739941406e+04,4.9521261719e+04,2.4598083677e+12,317,1.3889769179e+12,2.3447719953e+02,179,12.0-12.5,2.8436148120e+03,2.6615591221e+12,2.8436148120e+03,2.6615591221e+12,2.8436148120e+03,2.6615591221e+12,1.2127468333e+01,0,0,0,1
428,2.7609529297e+04,4.5756457031e+04,2.6351421875e+04,1.8545557613e+12,239,1.3889769179e+12,2.3590180542e+02,179,12.0-12.5,2.3585259644e+03,4.9506551600e+12,2.3585259644e+03,4.9506551600e+12,2.3585259644e+03,4.9506551600e+12,9.9979140059e+00,0,0,0,1
433,4.9971832031e+04,3.3024574219e+04,4.8497875000e+04,1.8079978684e+12,233,1.3889769179e+12,2.3613845407e+02,179,12.0-12.5,2.1844922693e+03,1.0397927765e+12,4.6975591872e+03,5.2222428255e+12,2.1844922693e+03,1.0397927765e+12,9.2508959536e+00,0,0,0,1
452,4.9377257812e+04,4.6791875000e+04,3.3467015625e+04,1.7226418072e+12,222,1.3889769179e+12,2.2784490906e+02,179,12.0-12.5,3.6279955071e+03,3.3366484621e+13,3.6279955071e+03,3.3366484621e+13,3.6279955071e+03,3.3366484621e+13,1.5923092256e+01,0,0,0,1
232,2.3344782715e+03,7.1671577148e+03,3.6257781250e+04,3.6315149589e+12,468,1.3812172703e+12,2.2990037418e+02,178,12.0-12.5,3.1169149592e+03,4.0272570972e+12,3.1169149592e+03,4.0272570972e+12,3.1169149592e+03,4.0272570972e+12,1.3557676756e+01,0,0,0,1
415,3.3642234375e+04,4.6322426758e+03,2.9215125000e+04,1.9243926005e+12,248,1.3812172703e+12,2.3529010522e+02,178,12.0-12.5,5.6680820465e+03,7.9924370138e+11,8.4391889652e+03,1.4432944510e+12,5.6680820465e+03,7.9924370138e+11,2.4089759496e+01,0,0,0,1
471,4.1770531250e+04,1.1010384766e+04,4.6709046875e+04,1.6605645790e+12,214,1.3812172703e+12,2.3492278508e+02,178,12.0-12.5,3.3105237198e+03,4.7256253800e+13,3.3105237198e+03,4.7256253800e+13,3.3105237198e+03,4.7256253800e+13,1.4091965233e+01,0,0,0,1
377,8.3306943359e+03,2.9537187500e+04,3.1737996094e+04,2.1028644473e+12,271,1.3734576228e+12,2.3410393253e+02,177,12.0-12.5,2.7969784104e+03,1.6528049359e+12,2.7969784104e+03,1.6528049359e+12,2.7969784104e+03,1.6528049359e+12,1.1947592593e+01,0,0,0,1
399,1.3731706055e+04,6.0541889648e+03,6.6102363281e+03,2.0019891640e+12,258,1.3579383276e+12,2.3341872821e+02,175,12.0-12.5,1.2250158794e+03,8.5511316400e+12,1.2250158794e+03,8.5511316400e+12,1.2250158794e+03,8.5511316400e+12,5.2481473478e+00,0,0,2,1
409,3.0204074219e+04,3.6750082031e+04,3.7024562500e+04,1.9399118225e+12,250,1.3579383276e+12,2.3346550190e+02,175,12.0-12.5,1.0795559417e+03,2.4830872276e+12,1.0795559417e+03,2.4830872276e+12,1.0795559417e+03,2.4830872276e+12,4.6240490902e+00,0,0,1,1
467,4.6729941406e+04,3.6471281250e+04,4.7552183594e+04,1.6605645790e+12,214,1.3579383276e+12,2.3378632414e+02,175,12.0-12.5,1.1726226480e+03,8.3804193931e+11,4.0388365299e+03,1.7304014117e+12,1.1726226480e+03,8.3804193931e+11,5.0157880380e+00,0,0,1,1
389,4.0637529297e+03,2.8942470703e+04,8.9496425781e+03,2.0407873325e+12,263,1.3501786800e+12,2.3166873024e+02,174,12.0-12.5,2.0189574415e+03,1.1949857283e+12,2.6462645551e+03,3.1193783296e+12,2.0189574415e+03,1.1949857283e+12,8.7148465802e+00,0,0,0,1
484,1.8830560547e+04,2.8078951172e+04,9.7708437500e+03,1.6140066862e+12,208,1.3501786800e+12,2.3126907868e+02,174,12.0-12.5,4.0104383142e+03,1.2749100984e+13,4.0104383142e+03,1.2749100984e+13,4.0104383142e+03,1.2749100984e+13,1.7341005279e+01,0,0,0,1
427,4.6208076172e+03,4.2361734375e+04,3.0159734375e+04,1.8623153723e+12,240,1.3424190324e+12,2.3274465231e+02,173,12.0-12.5,1.3840966319e+03,5.3386375393e+12,1.3840966319e+03,5.3386375393e+12,1.3840966319e+03,5.3386375393e+12,5.9468461175e+00,0,0,1,1
441,2.0187523438e+04,3.5084082031e+04,4.5643527344e+04,1.7614399756e+12,227,1.3424190324e+12,2.3148026955e+02,173,12.0-12.5,1.2266055008e+03,6.7586530476e+12,1.2266055008e+03,6.7586530476e+12,1.2266055008e+03,6.7586530476e+12,5.2989635062e+00,0,0,1,1
346,8.5427011719e+03,2.7050585938e+04,7.8442895508e+03,2.2813362942e+12,294,1.3346593848e+12,2.3184036175e+02,172,12.0-12.5,1.9013497565e+03,1.1895539750e+14,1.9013497565e+03,1.1895539750e+14,1.9013497565e+03,1.1895539750e+14,8.2011162430e+00,0,0,2,1
524,1.3902853516e+04,9.6059501953e+03,1.3743176758e+04,1.4510540614e+12,187,1.3346593848e+12,2.3000205388e+02,172,12.0-12.5,2.7269492263e+03,1.0785910145e+12,4.9714101883e+03,3.0185029110e+12,2.7269492263e+03,1.0785910145e+12,1.1856195109e+01,0,0,0,1
279,4.7453466797e+03,4.0184601562e+04,3.2392167969e+04,2.9719449620e+12,383,1.3268997372e+12,2.3151239493e+02,171,12.0-12.5,9.7958292394e+02,1.3268997372e+12,9.7958292394e+02,1.3268997372e+12,9.7958292394e+02,1.3268997372e+12,4.2312331667e+00,0,1,1,1
481,2.7437041016e+04,3.7607582031e+04,4.9430398438e+04,1.6217662972e+12,209,1.3268997372e+12,2.2728524666e+02,171,12.0-12.5,3.3740951383e+03,7.9924370138e+11,5.4373437613e+03,3.5865091143e+13,3.3740951383e+03,7.9924370138e+11,1.4845200856e+01,0,0,0,1
502,5.2680673828e+03,3.9869316406e+04,3.2641646484e+04,1.5364102360e+12,198,1.3268997372e+12,2.3232809531e+02,171,12.0-12.5,9.7958292394e+02,1.3268997372e+12,9.7958292394e+02,1.3268997372e+12,9.7958292394e+02,1.3268997372e+12,4.2163773720e+00,0,1,1,1
505,3.5421996094e+04,8.1195053711e+03,4.1591792969e+04,1.5286506249e+12,197,1.3036207945e+12,2.2912406732e+02,168,12.0-12.5,2.3775574566e+03,8.2795439745e+12,2.3775574566e+03,8.2795439745e+12,2.3775574566e+03,8.2795439745e+12,1.0376725084e+01,0,0,0,1
362,4.4480535156e+04,4.9315585938e+04,4.2064484375e+04,2.2114994550e+12,285,1.2958611469e+12,2.2655036851e+02,167,12.0-12.5,1.9572712728e+03,8.8250471998e+13,1.9572712728e+03,8.8250471998e+13,1.9572712728e+03,8.8250471998e+13,8.6394530526e+00,0,0,1,1
446,1.5975970703e+04,4.7403843750e+04,2.2894960938e+04,1.7304014182e+12,223,1.2958611469e+12,2.2781241387e+02,167,12.0-12.5,4.0839773091e+03,1.6062470503e+12,4.0839773091e+03,1.6062470503e+12,4.0839773091e+03,1.6062470503e+12,1.7926930494e+01,0,0,0,1
500,2.9505270996e+03,4.1172941406e+04,1.5656642578e+04,1.5441698470e+12,199,1.2958611469e+12,2.3029684212e+02,167,12.0-12.5,9.5776590389e+02,2.2347785048e+12,9.5776590389e+02,2.2347785048e+12,9.5776590389e+02,2.2347785048e+12,4.1588321190e+00,0,1,3,1
442,4.1100207031e+04,2.4509187500e+04,2.4133726562e+04,1.7536803646e+12,226,1.2881014993e+12,2.2308763238e+02,166,12.0-12.5,2.4425150571e+03,3.8643044979e+12,2.4425150571e+03,3.8643044979e+12,2.4425150571e+03,3.8643044979e+12,1.0948679812e+01,0,0,0,1
468,3.5703570312e+04,3.5641250000e+04,3.6437210938e+04,1.6605645790e+12,214,1.2803418517e+12,2.2937555798e+02,165,12.0-12.5,2.8418956087e+03,1.1096296048e+12,3.7621085521e+03,3.2668116338e+12,2.8418956087e+03,1.1096296048e+12,1.2389705484e+01,0,0,0,1
365,7.7848925781e+03,2.9976343750e+04,8.6817050781e+03,2.2037399573e+12,284,1.2725822041e+12,2.2688555017e+02,164,12.0-12.5,2.4203584584e+03,5.4860708434e+12,2.4203584584e+03,5.4860708434e+12,2.4203584584e+03,5.4860708434e+12,1.0667750576e+01,0,0,0,1
496,3.8735558594e+04,2.7563398438e+04,2.0659558594e+04,1.5596891824e+12,201,1.2648225565e+12,2.2811044989e+02,163,12.0-12.5,2.3047271911e+03,2.7081170076e+12,2.3047271911e+03,2.7081170076e+12,2.3047271911e+03,2.7081170076e+12,1.0103558133e+01,0,0,0,1
506,3.5852717285e+03,2.0113925781e+04,1.2269876953e+04,1.5208909006e+12,196,1.2570629090e+12,2.2661542347e+02,162,12.0-12.5,3.2832713171e+03,2.4210100469e+12,3.2832713171e+03,2.4210100469e+12,3.2832713171e+03,2.4210100469e+12,1.4488295928e+01,0,0,0,1
350,2.5374197266e+04,4.9806941406e+04,8.4244091797e+03,2.2580573478e+12,291,1.2493032614e+12,2.2494744941e+02,161,12.0-12.5,1.8381609903e+03,1.6605645834e+12,1.8381609903e+03,1.6605645834e+12,1.8381609903e+03,1.6605645834e+12,8.1715129249e+00,0,0,1,1
371,4.6999707031e+04,3.8508359375e+04,4.3773863281e+04,2.1649417889e+12,279,1.2493032614e+12,2.2665063527e+02,161,12.0-12.5,3.5017442810e+03,1.1329085476e+12,5.3430887991e+03,1.4277751559e+12,3.5017442810e+03,1.1329085476e+12,1.5449964553e+01,0,0,0,1
396,1.7255203125e+04,4.5489539062e+04,2.5696339844e+04,2.0175083861e+12,260,1.2493032614e+12,2.2737836221e+02,161,12.0-12.5,1.5014793273e+03,1.0785910145e+12,5.3863883368e+03,1.2958611469e+12,1.5014793273e+03,1.0785910145e+12,6.6034398029e+00,0,0,1,1
451,3.5453703125e+04,2.4833675781e+04,3.9401074219e+04,1.7226418072e+12,222,1.2493032614e+12,2.2742342118e+02,161,12.0-12.5,1.8120471279e+03,1.2772379927e+13,1.8120471279e+03,1.2772379927e+13,1.8120471279e+03,1.2772379927e+13,7.9677243375e+00,0,0,1,1
472,2.0479558594e+04,8.1498295898e+03,3.8825851562e+04,1.6528049680e+12,213,1.2493032614e+12,2.1967318246e+02,161,12.0-12.5,9.5541536078e+03,7.9924370138e+11,1.2112540904e+04,9.0943069710e+12,9.5541536078e+03,7.9924370138e+11,4.3492580663e+01,0,0,0,1
474,2.6377720703e+04,4.0644941406e+04,2.7873947754e+03,1.6528049680e+12,213,1.2493032614e+12,2.2170220462e+02,161,12.0-12.5,1.8603477598e+03,8.8304789531e+12,1.8603477598e+03,8.8304789531e+12,1.8603477598e+03,8.8304789531e+12,8.3912009940e+00,0,0,1,1
504,1.5054403320e+04,3.8931664062e+04,4.3705738281e+04,1.5286506249e+12,197,1.2493032614e+12,2.2785467534e+02,161,12.0-12.5,8.7226132115e+02,6.5025846772e+12,8.7226132115e+02,6.5025846772e+12,8.7226132115e+02,6.5025846772e+12,3.8281475676e+00,0,1,1,1
382,3.9661823730e+03,4.9022484375e+04,3.8162011719e+04,2.0795855009e+12,268,1.2415436138e+12,2.2716869055e+02,160,12.0-12.5,8.0475458490e+03,7.9148405379e+11,9.3178103368e+03,2.7313959503e+12,8.0475458490e+03,7.9148405379e+11,3.5425418132e+01,0,0,0,1
469,9.0619277344e+03,2.6712130859e+04,1.1834057617e+04,1.6605645790e+12,214,1.2415436138e+12,2.2699266264e+02,160,12.0-12.5,1.6377721380e+03,7.8372440620e+11,3.4790702567e+03,7.6975704055e+12,1.6377721380e+03,7.8372440620e+11,7.2150884481e+00,0,0,1,1
520,3.4252503906e+04,2.6666589844e+04,3.7765359375e+04,1.4743330078e+12,190,1.2415436138e+12,2.2585925012e+02,160,12.0-12.5,2.3801218092e+03,1.2772379927e+13,2.3801218092e+03,1.2772379927e+13,2.3801218092e+03,1.2772379927e+13,1.0538075407e+01,0,0,0,1
549,4.3745886719e+04,4.4345804688e+04,3.6726039062e+04,1.3734576111e+12,177,1.2337839662e+12,2.2513172245e+02,159,12.0-12.5,4.6120320372e+03,1.4432944510e+12,4.6120320372e+03,1.4432944510e+12,4.6120320372e+03,1.4432944510e+12,2.0485927026e+01,0,0,0,1
482,4.2428442383e+03,3.4641343750e+04,3.1018550781e+04,1.6140066862e+12,208,1.2260243186e+12,2.2068591128e+02,158,12.0-12.5,2.1298856973e+03,4.1902096965e+12,2.1298856973e+03,4.1902096965e+12,2.1298856973e+03,4.1902096965e+12,9.6512082938e+00,0,0,0,1
498,2.2548076172e+04,4.9578257812e+04,2.0038652344e+04,1.5519295713e+12,200,1.2105050234e+12,2.2272637457e+02,156,12.0-12.5,1.4366374545e+03,9.4978086455e+12,1.4366374545e+03,9.4978086455e+12,1.4366374545e+03,9.4978086455e+12,6.4502349904e+00,0,0,1,1
487,2.8261375000e+04,5.7658636475e+02,4.9383886719e+04,1.5907277398e+12,205,1.2027453759e+12,2.2513783625e+02,155,12.0-12.5,7.2900718653e+03,2.5606837034e+12,7.2900718653e+03,2.5606837034e+12,7.2900718653e+03,2.5606837034e+12,3.2380482937e+01,0,0,0,1
494,4.4350175781e+04,3.9344820312e+04,3.6959890625e+04,1.5752084044e+12,203,1.2027453759e+12,2.1900102783e+02,155,12.0-12.5,3.0006453256e+03,1.4432944510e+12,3.0006453256e+03,1.4432944510e+12,3.0006453256e+03,1.4432944510e+12,1.3701512524e+01,0,0,0,1
522,5.5270014648e+03,4.7213343750e+04,1.0614049805e+04,1.4665733968e+12,189,1.2027453759e+12,2.2111028011e+02,155,12.0-12.5,2.6190453119e+03,8.6132088207e+11,3.6900662769e+03,2.4986065228e+12,2.6190453119e+03,8.6132088207e+11,1.1844973063e+01,0,0,0,1
478,2.4420769531e+04,3.0765978516e+04,2.4763773438e+04,1.6295260216e+12,210,1.1949857283e+12,2.2199723505e+02,154,12.0-12.5,1.2315459735e+03,2.2114995621e+12,1.2315459735e+03,2.2114995621e+12,1.2315459735e+03,2.2114995621e+12,5.5475734788e+00,0,0,1,1
486,4.1548725586e+03,4.0067257812e+04,2.9089636230e+03,1.5984873508e+12,206,1.1949857283e+12,2.2437689044e+02,154,12.0-12.5,5.8412111519e+03,7.5889353393e+12,5.8412111519e+03,7.5889353393e+12,5.8412111519e+03,7.5889353393e+12,2.6033033707e+01,0,0,0,1
528,4.1823488281e+04,3.4445393066e+03,4.1153011719e+04,1.4432944503e+12,186,1.1949857283e+12,2.2378609751e+02,154,12.0-12.5,2.9929960719e+03,1.1538595961e+13,2.9929960719e+03,1.1538595961e+13,2.9929960719e+03,1.1538595961e+13,1.3374361076e+01,0,0,0,1
532,4.3877314453e+03,2.9513636719e+04,7.7596303711e+03,1.4122558929e+12,182,1.1949857283e+12,2.2189828485e+02,154,12.0-12.5,2.0189574415e+03,1.3501786800e+12,2.0189574415e+03,1.3501786800e+12,2.0189574415e+03,1.3501786800e+12,9.0985716396e+00,0,0,0,1
570,1.0409320312e+04,4.2336480469e+04,6.3154077148e+03,1.3191401073e+12,170,1.1949857283e+12,2.1318572122e+02,154,12.0-12.5,2.0201658592e+03,1.9825899583e+13,2.0201658592e+03,1.9825899583e+13,2.0201658592e+03,1.9825899583e+13,9.4760842691e+00,0,0,0,1
455,3.3369523438e+04,4.8883375000e+04,2.8813177734e+04,1.7148820828e+12,221,1.1872260807e+12,2.2163257733e+02,153,12.0-12.5,5.0026023171e+03,1.4355348034e+12,5.0026023171e+03,1.4355348034e+12,5.0026023171e+03,1.4355348034e+12,2.2571601961e+01,0,0,0,1
511,4.3943796875e+04,7.7909179688e+03,4.5521046875e+04,1.4976119542e+12,193,1.1872260807e+12,2.2309785377e+02,153,12.0-12.5,3.2580277153e+03,1.5441698697e+12,3.2580277153e+03,1.5441698697e+12,3.2580277153e+03,1.5441698697e+12,1.4603581613e+01,0,0,0,1
567,3.6639101562e+04,7.5593642578e+03,1.1774746094e+04,1.3268997183e+12,171,1.1872260807e+12,2.2119298480e+02,153,12.0-12.5,8.2257986679e+03,4.4074798290e+12,8.2257986679e+03,4.4074798290e+12,8.2257986679e+03,4.4074798290e+12,3.7188334319e+01,0,0,0,1
497,3.3125906250e+04,3.7415929688e+04,3.6080957031e+04,1.5519295713e+12,200,1.1639471379e+12,2.1874943177e+02,150,12.0-12.5,1.6331448478e+03,1.7668717554e+13,1.6331448478e+03,1.7668717554e+13,1.6331448478e+03,1.7668717554e+13,7.4658244121e+00,0,0,1,1
508,4.5324050781e+04,9.2584453125e+03,4.7124058594e+04,1.5053716785e+12,194,1.1639471379e+12,2.2260987512e+02,150,12.0-12.5,2.9039787347e+03,1.5441698697e+12,2.9039787347e+03,1.5441698697e+12,2.9039787347e+03,1.5441698697e+12,1.3045147854e+01,0,0,0,1
538,4.3092328125e+04,4.7046777344e+04,4.9411992188e+04,1.3889769465e+12,179,1.1639471379e+12,2.1747176415e+02,150,12.0-12.5,2.3670018625e+03,9.6995594827e+11,3.2367863593e+03,6.3691187387e+13,2.3670018625e+03,9.6995594827e+11,1.0884180168e+01,0,0,0,1
556,2.8159722656e+04,1.3774745117e+04,4.9340968750e+04,1.3501786647e+12,174,1.1639471379e+12,2.1860109464e+02,150,12.0-12.5,3.4558189841e+03,1.7071224690e+12,3.4558189841e+03,1.7071224690e+12,3.4558189841e+03,1.7071224690e+12,1.5808790847e+01,0,0,0,1
477,5.7643988037e+02,8.8864492188e+03,3.4405285156e+04,1.6295260216e+12,210,1.1561874903e+12,2.2088836416e+02,149,12.0-12.5,1.5625851967e+03,4.0272570972e+12,1.5625851967e+03,4.0272570972e+12,1.5625851967e+03,4.0272570972e+12,7.0740946571e+00,0,0,1,1
479,1.9124485779e+02,2.7115134766e+04,1.8208589844e+04,1.6295260216e+12,210,1.1561874903e+12,2.1816260091e+02,149,12.0-12.5,7.0390212707e+03,2.3278942759e+12,7.0390212707e+03,2.3278942759e+12,7.0390212707e+03,2.3278942759e+12,3.2265022700e+01,0,0,0,1
507,2.3385785156e+04,4.4761847656e+04,4.1064467773e+03,1.5131312896e+12,195,1.1561874903e+12,2.1964964885e+02,149,12.0-12.5,3.3216063633e+03,1.0941103097e+12,4.0204039681e+03,2.2502978000e+12,3.3216063633e+03,1.0941103097e+12,1.5122293073e+01,0,0,0,1
518,4.2983363281e+04,3.2195878906e+04,1.1062139648e+04,1.4820927321e+12,191,1.1561874903e+12,2.1918825028e+02,149,12.0-12.5,3.8361828861e+03,4.9196165696e+12,3.8361828861e+03,4.9196165696e+12,3.8361828861e+03,4.9196165696e+12,1.7501772477e+01,0,0,0,1
531,8.1998144531e+03,3.2868957031e+04,2.3102285156e+04,1.4122558929e+12,182,1.1561874903e+12,2.1398005792e+02,149,12.0-12.5,1.1575937752e+03,1.4200155083e+12,1.1575937752e+03,1.4200155083e+12,1.1575937752e+03,1.4200155083e+12,5.4098208330e+00,0,0,1,1
503,2.3015845703e+04,2.5449197266e+04,1.6545927734e+04,1.5286506249e+12,197,1.1484278428e+12,2.2070743030e+02,148,12.0-12.5,3.0172105408e+03,2.1804609717e+12,3.0172105408e+03,2.1804609717e+12,3.0172105408e+03,2.1804609717e+12,1.3670634181e+01,0,0,0,1
515,4.0011601562e+04,3.9124292969e+04,3.9820453125e+04,1.4898523432e+12,192,1.1484278428e+12,2.2153142264e+02,148,12.0-12.5,1.2915243168e+03,7.8372440620e+11,1.9890459547e+03,2.8400310165e+12,1.2915243168e+03,7.8372440620e+11,5.8299824985e+00,0,0,2,1
562,1.4644649414e+04,4.9888558594e+04,1.3253549805e+04,1.3346593294e+12,172,1.1484278428e+12,2.2083203921e+02,148,12.0-12.5,5.7579532608e+03,1.5984874028e+12,5.7579532608e+03,1.5984874028e+12,5.7579532608e+03,1.5984874028e+12,2.6073903413e+01,0,0,0,1
347,4.5117738281e+04,4.1671011719e+04,4.6352781250e+04,2.2658170722e+12,292,1.1406681952e+12,2.1986752206e+02,147,12.0-12.5,1.1769508020e+03,5.0049726931e+12,1.1769508020e+03,5.0049726931e+12,1.1769508020e+03,5.0049726931e+12,5.3529998018e+00,0,0,1,1
381,1.5794312744e+03,4.6381441406e+04,6.5219853516e+03,2.0795855009e+12,268,1.1406681952e+12,2.2050892273e+02,147,12.0-12.5,2.9414576797e+03,4.3143640579e+12,2.9414576797e+03,4.3143640579e+12,2.9414576797e+03,4.3143640579e+12,1.3339404334e+01,0,0,0,1
525,2.9275875000e+04,4.2795437500e+04,6.4301206055e+03,1.4510540614e+12,187,1.1406681952e+12,2.1902437479e+02,147,12.0-12.5,4.0062833223e+03,9.1563841517e+11,6.4511884787e+03,2.2890960379e+12,4.0062833223e+03,9.1563841517e+11,1.8291495301e+01,0,0,0,1
555,1.7800566406e+04,4.9657335938e+04,4.3888789062e+04,1.3501786647e+12,174,1.1406681952e+12,2.2000772266e+02,147,12.0-12.5,3.7367008913e+03,1.1018699572e+12,1.2786745658e+04,3.6703133083e+12,3.7367008913e+03,1.1018699572e+12,1.6984407848e+01,0,0,0,1
560,3.1082300781e+04,3.6424613281e+04,4.2422187500e+04,1.3424190537e+12,173,1.1406681952e+12,2.1585899840e+02,147,12.0-12.5,7.7677594290e+03,2.4830872276e+12,7.7677594290e+03,2.4830872276e+12,7.7677594290e+03,2.4830872276e+12,3.5985339904e+01,0,0,0,1
470,3.5752773438e+04,3.2262294922e+04,2.6227173828e+04,1.6605645790e+12,214,1.1329085476e+12,2.1658521870e+02,146,12.0-12.5,6.4507501664e+03,2.9641853779e+12,6.4507501664e+03,2.9641853779e+12,6.4507501664e+03,2.9641853779e+12,2.9783889248e+01,0,0,0,1
539,4.6148636719e+04,4.7421289062e+04,1.5408005371e+03,1.3889769465e+12,179,1.1329085476e+12,2.2056768334e+02,146,12.0-12.5,1.2571291224e+03,2.0330276676e+12,1.2571291224e+03,2.0330276676e+12,1.2571291224e+03,2.0330276676e+12,5.6995163725e+00,0,0,1,1
546,3.7427941406e+04,4.7554023438e+04,3.6658953125e+04,1.3812172222e+12,178,1.1329085476e+12,2.1654410214e+02,146,12.0-12.5,3.3065811619e+03,1.4976119841e+12,3.3065811619e+03,1.4976119841e+12,3.3065811619e+03,1.4976119841e+12,1.5269781672e+01,0,0,0,1
564,4.5604031250e+04,3.7781363281e+04,4.5529078125e+04,1.3268997183e+12,171,1.1329085476e+12,2.1840296198e+02,146,12.0-12.5,3.5017442810e+03,1.2493032614e+12,3.5017442810e+03,1.2493032614e+12,3.5017442810e+03,1.2493032614e+12,1.6033410212e+01,0,0,0,1
590,4.1433921875e+04,3.7325300293e+03,3.7547652344e+04,1.2648226035e+12,163,1.1329085476e+12,2.2009847928e+02,146,12.0-12.5,2.2908843560e+03,4.4074798290e+12,2.2908843560e+03,4.4074798290e+12,2.2908843560e+03,4.4074798290e+12,1.0408451542e+01,0,0,0,1
612,3.7514957031e+04,1.0856234375e+04,2.6427060547e+03,1.2337839327e+12,159,1.1329085476e+12,2.1313047603e+02,146,12.0-12.5,2.5967889764e+03,5.0577382967e+13,2.5967889764e+03,5.0577382967e+13,2.5967889764e+03,5.0577382967e+13,1.2184034047e+01,0,0,0,1
630,2.1905515137e+03,4.4319625000e+04,3.3269097656e+04,1.1949857643e+12,154,1.1329085476e+12,2.2054783798e+02,146,12.0-12.5,1.2310803885e+03,1.0009945386e+12,2.4117761573e+03,3.3366484621e+13,1.2310803885e+03,1.0009945386e+12,5.5819200033e+00,0,0,1,1
419,4.3631562500e+04,4.1790656250e+04,4.5001210938e+04,1.9011136541e+12,245,1.1251489000e+12,2.1966291274e+02,145,12.0-12.5,2.0819692040e+03,7.9924370138e+11,2.9893128646e+03,1.1406681952e+12,2.0819692040e+03,7.9924370138e+11,9.4780187422e+00,0,0,0,1
485,4.0757468750e+04,3.5916511719e+04,5.7604526367e+03,1.6062470752e+12,207,1.1251489000e+12,2.1893644954e+02,145,12.0-12.5,1.4964794522e+03,9.4667700551e+11,2.4140736541e+03,1.4510540986e+12,1.4964794522e+03,9.4667700551e+11,6.8352229852e+00,0,0,1,1
519,7.1085156250e+03,1.5915273438e+04,2.2423376953e+04,1.4743330078e+12,190,1.1251489000e+12,2.1801637937e+02,145,12.0-12.5,6.2706035003e+03,1.0553120717e+12,7.2088889125e+03,2.5451644083e+12,6.2706035003e+03,1.0553120717e+12,2.8762075209e+01,0,0,0,1
540,2.1615548828e+04,4.9501964844e+04,3.4935551758e+03,1.3889769465e+12,179,1.1173892524e+12,2.1849685845e+02,144,12.0-12.5,1.2511289506e+03,1.7381610593e+12,1.2511289506e+03,1.7381610593e+12,1.2511289506e+03,1.7381610593e+12,5.7260729489e+00,0,0,1,1
604,2.7351849609e+04,3.0412689453e+04,2.3334673828e+04,1.2493032681e+12,161,1.1173892524e+12,2.1841337748e+02,144,12.0-12.5,4.1435648426e+03,2.4986065228e+12,4.1435648426e+03,2.4986065228e+12,4.1435648426e+03,2.4986065228e+12,1.8971204468e+01,0,0,0,1
462,4.0464656250e+04,4.3513074219e+04,4.5458097656e+04,1.6838435254e+12,217,1.1096296048e+12,2.1507785794e+02,143,12.0-12.5,2.9953684162e+03,8.1476299655e+11,3.2850934575e+03,1.8933540110e+12,2.9953684162e+03,8.1476299655e+11,1.3926902773e+01,0,0,0,1
476,3.6352976562e+04,3.3936718750e+04,3.5860113281e+04,1.6450452436e+12,212,1.1096296048e+12,2.1893421180e+02,143,12.0-12.5,2.8418956087e+03,1.2803418517e+12,2.8418956087e+03,1.2803418517e+12,2.8418956087e+03,1.2803418517e+12,1.2980591683e+01,0,0,0,1
536,4.4500854492e+03,1.8535980469e+04,4.7107179688e+04,1.3889769465e+12,179,1.1096296048e+12,2.1645839380e+02,143,12.0-12.5,6.6369682422e+03,9.0011912000e+11,1.3929217354e+04,9.4046928745e+12,6.6369682422e+03,9.0011912000e+11,3.0661634903e+01,0,0,0,1
572,3.2058365234e+04,3.5114675781e+04,2.9387121094e+04,1.3113804963e+12,169,1.1096296048e+12,2.1809871830e+02,143,12.0-12.5,3.2626026074e+03,2.9641853779e+12,3.2626026074e+03,2.9641853779e+12,3.2626026074e+03,2.9641853779e+12,1.4959292897e+01,0,0,0,1
460,1.4244130859e+04,4.3250937500e+04,6.7010583496e+02,1.6993628608e+12,219,1.1018699572e+12,2.1723326155e+02,142,12.0-12.5,1.6450386843e+03,7.9427752692e+13,1.6450386843e+03,7.9427752692e+13,1.6450386843e+03,7.9427752692e+13,7.5726832650e+00,0,0,1,1
473,1.3055947266e+04,5.6391518555e+03,2.2478468750e+04,1.6528049680e+12,213,1.1018699572e+12,2.1761069416e+02,142,12.0-12.5,3.4891579498e+03,5.7421392138e+12,3.4891579498e+03,5.7421392138e+12,3.4891579498e+03,5.7421392138e+12,1.6033945221e+01,0,0,0,1
499,1.5748295898e+04,3.9602679443e+02,4.5141984375e+04,1.5441698470e+12,199,1.1018699572e+12,2.1738367922e+02,142,12.0-12.5,3.7367008913e+03,1.1406681952e+12,3.7367008913e+03,1.1406681952e+12,3.7367008913e+03,1.1406681952e+12,1.7189427030e+01,0,0,0,1
521,1.5056324219e+04,4.3915093750e+04,2.8228190918e+03,1.4743330078e+12,190,1.1018699572e+12,2.1584490824e+02,142,12.0-12.5,1.5945618601e+03,3.9806992117e+12,1.5945618601e+03,3.9806992117e+12,1.5945618601e+03,3.9806992117e+12,7.3875352128e+00,0,0,1,1
563,2.7231878906e+04,2.6138251953e+04,1.7232511719e+04,1.3346593294e+12,172,1.1018699572e+12,2.1430393423e+02,142,12.0-12.5,1.1824463483e+03,2.7701941883e+12,1.1824463483e+03,2.7701941883e+12,1.1824463483e+03,2.7701941883e+12,5.5176138157e+00,0,0,1,1
577,3.9456851562e+04,1.3553978516e+04,6.0768780518e+02,1.2958611609e+12,167,1.1018699572e+12,2.1808109507e+02,142,12.0-12.5,1.7830054765e+03,1.2648225565e+13,1.7830054765e+03,1.2648225565e+13,1.7830054765e+03,1.2648225565e+13,8.1758828108e+00,0,0,2,1
534,3.7754160156e+04,7.2677163086e+03,2.6733041992e+03,1.4044961686e+12,181,1.0941103097e+12,2.1615626970e+02,141,12.0-12.5,1.1219044054e+03,9.3891735793e+11,3.1354659145e+03,2.8633099593e+12,1.1219044054e+03,9.3891735793e+11,5.1902468846e+00,0,0,1,1
554,2.4605093750e+04,4.7150140625e+04,6.9665209961e+03,1.3501786647e+12,174,1.0941103097e+12,2.1710420581e+02,141,12.0-12.5,3.3301980353e+03,2.2890960379e+12,3.3301980353e+03,2.2890960379e+12,3.3301980353e+03,2.2890960379e+12,1.5339168685e+01,0,0,0,1
576,2.2302474609e+04,4.5619925781e+04,2.0597183594e+04,1.2958611609e+12,167,1.0941103097e+12,2.1214083975e+02,141,12.0-12.5,4.8853367817e+03,1.0009945386e+12,5.9493174285e+03,1.2105050234e+12,4.8853367817e+03,1.0009945386e+12,2.3028742544e+01,0,0,0,1
592,2.5388824219e+04,4.4795171875e+04,3.1130227051e+03,1.2648226035e+12,163,1.0941103097e+12,2.1151219449e+02,141,12.0-12.5,1.4392974305e+03,2.2502978000e+12,1.4392974305e+03,2.2502978000e+12,1.4392974305e+03,2.2502978000e+12,6.8047964512e+00,0,0,1,1
595,1.7679123047e+04,2.0939363281e+04,3.4621706543e+03,1.2570628791e+12,162,1.0941103097e+12,2.1688778857e+02,141,12.0-12.5,5.6773549951e+03,2.7857134834e+12,5.6773549951e+03,2.7857134834e+12,5.6773549951e+03,2.7857134834e+12,2.6176462181e+01,0,0,0,1
408,3.9317546875e+04,1.8325353516e+04,4.0191261719e+04,1.9399118225e+12,250,1.0785910145e+12,2.1448916269e+02,139,12.0-12.5,2.0372224563e+03,1.4665733938e+12,2.0372224563e+03,1.4665733938e+12,2.0372224563e+03,1.4665733938e+12,9.4980204626e+00,0,0,0,1
514,1.8525689453e+04,1.6149915039e+04,3.2737064453e+04,1.4898523432e+12,192,1.0785910145e+12,2.1658235017e+02,139,12.0-12.5,1.8208172805e+03,8.2252264414e+11,1.5213449509e+04,1.2493032614e+12,1.8208172805e+03,8.2252264414e+11,8.4070436905e+00,0,0,1,1
533,1.7301271484e+04,4.4555261719e+04,3.3927890625e+04,1.4122558929e+12,182,1.0785910145e+12,2.1605287190e+02,139,12.0-12.5,9.3938110851e+03,2.2270188572e+12,9.3938110851e+03,2.2270188572e+12,9.3938110851e+03,2.2270188572e+12,4.3479223408e+01,0,0,0,1
545,4.7628257812e+04,1.0795231445e+04,3.1743261719e+04,1.3812172222e+12,178,1.0785910145e+12,2.1702354609e+02,139,12.0-12.5,4.6695556535e+03,4.3764412386e+12,4.6695556535e+03,4.3764412386e+12,4.6695556535e+03,4.3764412386e+12,2.1516354965e+01,0,0,0,1
548,1.8192992188e+04,4.5866394531e+04,2.5711830078e+04,1.3734576111e+12,177,1.0785910145e+12,2.1704157809e+02,139,12.0-12.5,1.5014793273e+03,1.2493032614e+12,1.5014793273e+03,1.2493032614e+12,1.5014793273e+03,1.2493032614e+12,6.9179340685e+00,0,0,1,1
551,3.4796621704e+02,2.4438939453e+04,3.5309582031e+04,1.3656980001e+12,176,1.0785910145e+12,2.1139547832e+02,139,12.0-12.5,6.9039601742e+03,1.0576399660e+13,6.9039601742e+03,1.0576399660e+13,6.9039601742e+03,1.0576399660e+13,3.2658977520e+01,0,0,0,1
594,1.4073344727e+04,9.2991132812e+03,1.5545086914e+04,1.2570628791e+12,162,1.0785910145e+12,2.1548544660e+02,139,12.0-12.5,2.7269492263e+03,1.3346593848e+12,2.7269492263e+03,1.3346593848e+12,2.7269492263e+03,1.3346593848e+12,1.2654911361e+01,0,0,0,1
598,2.6525347656e+04,4.7443585938e+04,2.6257832031e+04,1.2570628791e+12,162,1.0785910145e+12,2.1577361122e+02,139,12.0-12.5,8.2012141889e+02,4.9506551600e+12,8.2012141889e+02,4.9506551600e+12,8.2012141889e+02,4.9506551600e+12,3.8008420690e+00,0,1,1,1
437,2.5118714844e+04,2.7986213379e+03,4.1657253906e+04,1.7847189220e+12,230,1.0708313669e+12,2.1654033509e+02,138,12.0-12.5,3.7770540153e+03,1.3967365655e+12,3.7770540153e+03,1.3967365655e+12,3.7770540153e+03,1.3967365655e+12,1.7442727304e+01,0,0,0,1
603,3.7681062500e+04,1.3891632812e+04,4.9287191406e+04,1.2493032681e+12,161,1.0708313669e+12,2.0647110717e+02,138,12.0-12.5,2.6957850659e+03,1.2648225565e+13,2.6957850659e+03,1.2648225565e+13,2.6957850659e+03,1.2648225565e+13,1.3056476051e+01,0,0,0,1
420,4.3100913086e+03,3.7937199219e+04,1.7542294922e+04,1.9011136541e+12,245,1.0630717193e+12,2.1603763483e+02,137,12.0-12.5,2.2171153820e+03,1.6217663455e+12,2.2171153820e+03,1.6217663455e+12,2.2171153820e+03,1.6217663455e+12,1.0262634951e+01,0,0,0,1
512,2.7982572266e+04,3.0967794922e+04,1.9809884766e+04,1.4976119542e+12,193,1.0553120717e+12,2.1544361423e+02,136,12.0-12.5,1.4342353240e+03,2.4986065228e+12,1.4342353240e+03,2.4986065228e+12,1.4342353240e+03,2.4986065228e+12,6.6571261771e+00,0,0,1,1
565,5.0507529297e+03,1.9436240234e+04,2.3513501953e+04,1.3268997183e+12,171,1.0553120717e+12,2.1379845422e+02,136,12.0-12.5,2.8709865814e+03,2.5451644083e+12,2.8709865814e+03,2.5451644083e+12,2.8709865814e+03,2.5451644083e+12,1.3428472118e+01,0,0,0,1
597,4.7387058594e+04,4.9933675781e+04,2.6947487793e+03,1.2570628791e+12,162,1.0553120717e+12,2.1341692281e+02,136,12.0-12.5,3.2555994050e+03,2.0330276676e+12,3.2555994050e+03,2.0330276676e+12,3.2555994050e+03,2.0330276676e+12,1.5254645049e+01,0,0,0,1
621,4.0962164062e+04,6.2667895508e+03,4.3112312500e+04,1.2105049863e+12,156,1.0553120717e+12,2.1270852699e+02,136,12.0-12.5,2.4133761430e+03,1.6559087949e+13,2.4133761430e+03,1.6559087949e+13,2.4133761430e+03,1.6559087949e+13,1.1345930401e+01,0,0,0,1
513,1.0712846680e+03,3.2955148438e+04,4.9472066406e+04,1.4976119542e+12,193,1.0397927765e+12,2.1080807526e+02,134,12.0-12.5,2.1844922693e+03,1.3889769179e+12,2.1844922693e+03,1.3889769179e+12,2.1844922693e+03,1.3889769179e+12,1.0362469590e+01,0,0,0,1
627,1.1191238281e+04,2.6017866211e+03,2.5403469238e+03,1.2027453753e+12,155,1.0397927765e+12,2.1147756361e+02,134,12.0-12.5,2.9944557088e+03,1.4432944510e+12,2.9944557088e+03,1.4432944510e+12,2.9944557088e+03,1.4432944510e+12,1.4159685111e+01,0,0,0,1
652,1.0860359375e+04,3.0672097656e+04,7.7117578125e+03,1.1484278715e+12,148,1.0397927765e+12,2.1129776261e+02,134,12.0-12.5,1.4435781720e+03,1.4130318254e+13,1.4435781720e+03,1.4130318254e+13,1.4435781720e+03,1.4130318254e+13,6.8319614660e+00,0,0,1,1
490,4.9171312500e+04,9.8057822266e+03,3.4403398438e+04,1.5829681288e+12,204,1.0320331290e+12,2.1355619547e+02,133,12.0-12.5,2.1386889164e+03,4.3764412386e+12,2.1386889164e+03,4.3764412386e+12,2.1386889164e+03,4.3764412386e+12,1.0014642337e+01,0,0,0,1
557,6.9069531250e+03,2.5784027344e+04,3.4586136719e+04,1.3424190537e+12,173,1.0320331290e+12,2.1350300276e+02,133,12.0-12.5,1.2211899225e+03,9.8547524345e+11,3.3618741761e+03,4.6092306662e+12,1.2211899225e+03,9.8547524345e+11,5.7197786762e+00,0,0,1,1
589,3.4891191406e+04,1.1379390625e+04,4.7506235352e+03,1.2725822145e+12,164,1.0320331290e+12,2.1336165825e+02,133,12.0-12.5,2.9467976812e+03,1.4743330414e+12,2.9467976812e+03,1.4743330414e+12,2.9467976812e+03,1.4743330414e+12,1.3811280364e+01,0,0,0,1
644,4.1821964844e+04,2.9774078125e+04,1.0085423828e+04,1.1639470935e+12,150,1.0320331290e+12,2.1107025359e+02,133,12.0-12.5,1.7750188364e+03,2.3822118090e+12,1.7750188364e+03,2.3822118090e+12,1.7750188364e+03,2.3822118090e+12,8.4096115214e+00,0,0,1,1
640,9.4582275391e+03,1.3670323242e+04,8.8663964844e+03,1.1717068179e+12,151,1.0242734814e+12,2.1285775422e+02,132,12.0-12.5,3.6598882571e+03,4.2134886393e+12,3.6598882571e+03,4.2134886393e+12,3.6598882571e+03,4.2134886393e+12,1.7194056522e+01,0,0,0,1
291,2.3592949219e+03,3.2747574219e+04,3.3997187500e+04,2.7857133907e+12,359,1.0165138338e+12,2.0962749768e+02,131,12.0-12.5,3.2685815640e+03,2.9168515276e+13,3.2685815640e+03,2.9168515276e+13,3.2685815640e+03,2.9168515276e+13,1.5592332114e+01,0,0,0,1
535,9.3685693359e+02,3.7381257812e+04,3.2169892578e+04,1.3967365575e+12,180,1.0165138338e+12,2.1247757531e+02,131,12.0-12.5,7.1277888652e+02,9.9323489103e+11,5.4464772817e+03,5.0243718121e+13,7.1277888652e+02,9.9323489103e+11,3.3546075884e+00,0,1,1,1
543,1.0902981445e+04,1.7343988281e+04,9.3202958984e+03,1.3812172222e+12,178,1.0165138338e+12,2.1266046892e+02,131,12.0-12.5,1.0858389414e+03,2.1261434386e+12,1.0858389414e+03,2.1261434386e+12,1.0858389414e+03,2.1261434386e+12,5.1059745469e+00,0,0,2,1
561,8.6195781250e+03,4.1110445312e+04,4.7958484375e+04,1.3424190537e+12,173,1.0165138338e+12,2.1214938402e+02,131,12.0-12.5,4.2607690721e+03,8.3028229172e+11,4.7690406114e+03,2.6615591221e+12,4.2607690721e+03,8.3028229172e+11,2.0083815430e+01,0,0,0,1
453,5.0232524414e+03,3.1818151855e+03,2.9710953125e+04,1.7148820828e+12,221,1.0087541862e+12,2.1175997765e+02,130,12.0-12.5,5.1971025660e+03,1.4820926890e+12,5.1971025660e+03,1.4820926890e+12,5.1971025660e+03,1.4820926890e+12,2.4542421206e+01,0,0,0,1
537,2.4576273438e+04,3.7263964844e+04,3.9357683594e+04,1.3889769465e+12,179,1.0087541862e+12,2.0959429332e+02,130,12.0-12.5,3.8721042683e+03,1.4122558607e+12,3.8721042683e+03,1.4122558607e+12,3.8721042683e+03,1.4122558607e+12,1.8474282896e+01,0,0,0,1
611,2.1998406250e+04,9.3340399170e+02,1.5194470703e+04,1.2337839327e+12,159,1.0087541862e+12,2.0744285032e+02,130,12.0-12.5,2.4232208728e+03,1.8312768303e+12,2.4232208728e+03,1.8312768303e+12,2.4232208728e+03,1.8312768303e+12,1.1681390171e+01,0,0,0,1
646,1.3564162109e+04,2.5714625000e+04,8.5030625000e+03,1.1639470935e+12,150,1.0087541862e+12,2.0294237234e+02,130,12.0-12.5,1.4632718015e+03,4.4881801638e+13,1.4632718015e+03,4.4881801638e+13,1.4632718015e+03,4.4881801638e+13,7.2102823313e+00,0,0,1,1
370,1.9481842041e+03,4.3767199219e+04,3.2700826172e+04,2.1727012865e+12,280,1.0009945386e+12,2.1037649601e+02,129,12.0-12.5,1.2310803885e+03,1.1329085476e+12,1.2310803885e+03,1.1329085476e+12,1.2310803885e+03,1.1329085476e+12,5.8517962407e+00,0,0,1,1
608,2.7460830078e+04,7.8973837891e+03,3.1542807617e+03,1.2415436571e+12,160,1.0009945386e+12,2.0690145947e+02,129,12.0-12.5,4.8498279187e+03,4.0272570972e+12,4.8498279187e+03,4.0272570972e+12,4.8498279187e+03,4.0272570972e+12,2.3440278919e+01,0,0,0,1
617,1.9966900391e+04,4.6473730469e+04,2.2749478516e+04,1.2260243217e+12,158,1.0009945386e+12,2.0007796328e+02,129,12.0-12.5,4.8853367817e+03,1.0941103097e+12,4.8853367817e+03,1.0941103097e+12,4.8853367817e+03,1.0941103097e+12,2.4417165697e+01,0,0,0,1
629,1.2737801758e+04,3.8054652344e+04,4.1592792969e+04,1.2027453753e+12,155,1.0009945386e+12,2.0244822707e+02,129,12.0-12.5,3.4970929470e+03,6.3551513731e+12,3.4970929470e+03,6.3551513731e+12,3.4970929470e+03,6.3551513731e+12,1.7274011226e+01,0,0,0,1
631,4.2497855469e+04,2.6747962891e+04,1.8748070312e+04,1.1949857643e+12,154,1.0009945386e+12,2.0985329284e+02,129,12.0-12.5,2.8919467775e+03,2.3511732186e+12,2.8919467775e+03,2.3511732186e+12,2.8919467775e+03,2.3511732186e+12,1.3780802476e+01,0,0,0,1
493,8.7181176758e+02,3.6910792969e+04,3.2238310547e+04,1.5829681288e+12,204,9.9323489103e+11,2.1076670048e+02,128,11.5-12.0,7.1277888652e+02,1.0165138338e+12,7.1277888652e+02,1.0165138338e+12,7.1277888652e+02,1.0165138338e+12,3.3818382358e+00,0,1,1,1
501,2.5344580078e+04,3.7391882812e+04,1.2901957031e+04,1.5441698470e+12,199,9.9323489103e+11,2.0869756190e+02,128,11.5-12.0,4.3053440573e+03,2.0252680200e+12,4.3053440573e+03,2.0252680200e+12,4.3053440573e+03,2.0252680200e+12,2.0629584832e+01,0,0,0,1
636,2.9574949219e+04,1.7636603516e+04,3.2062576172e+04,1.1794664289e+12,152,9.9323489103e+11,2.1093513532e+02,128,11.5-12.0,3.6359253180e+03,7.7596475862e+11,1.4199200927e+04,2.7003573600e+12,3.6359253180e+03,7.7596475862e+11,1.7237172520e+01,0,0,0,1
443,6.7798237305e+03,2.6595462891e+04,3.4621734375e+04,1.7459207536e+12,225,9.8547524345e+11,2.0828012431e+02,127,11.5-12.0,1.2211899225e+03,1.0320331290e+12,1.2211899225e+03,1.0320331290e+12,1.2211899225e+03,1.0320331290e+12,5.8632091111e+00,0,0,1,1
510,1.5997539062e+04,7.4820454102e+03,7.7889672852e+03,1.5053716785e+12,194,9.8547524345e+11,2.0534538322e+02,127,11.5-12.0,2.5464210720e+03,3.9108623834e+12,2.5464210720e+03,3.9108623834e+12,2.5464210720e+03,3.9108623834e+12,1.2400673597e+01,0,0,0,1
610,6.4540239258e+03,2.4944806641e+04,8.2436708984e+03,1.2337839327e+12,159,9.8547524345e+11,2.0479091901e+02,127,11.5-12.0,2.7693715387e+03,9.6995594827e+11,4.4455168291e+03,1.3346593848e+12,2.7693715387e+03,9.6995594827e+11,1.3522921583e+01,0,0,0,1
620,3.3386390625e+04,1.0550890625e+04,1.8610651855e+03,1.2182647107e+12,157,9.8547524345e+11,2.0657096971e+02,127,11.5-12.0,1.0285232382e+03,5.2222428255e+12,1.0285232382e+03,5.2222428255e+12,1.0285232382e+03,5.2222428255e+12,4.9790308852e+00,0,0,2,1
575,1.1206729492e+04,4.9258238281e+04,1.9476583984e+04,1.2958611609e+12,167,9.7771559586e+11,2.0961227615e+02,126,11.5-12.0,6.4707729498e+03,7.7596475862e+11,6.5913735440e+03,4.8575393889e+12,6.4707729498e+03,7.7596475862e+11,3.0870200299e+01,0,0,0,1
615,3.0330685547e+04,1.3643143555e+04,4.2738598633e+03,1.2260243217e+12,158,9.7771559586e+11,2.0826031057e+02,126,11.5-12.0,3.9589892321e+03,1.6295259931e+12,3.9589892321e+03,1.6295259931e+12,3.9589892321e+03,1.6295259931e+12,1.9009811429e+01,0,0,0,1
432,7.3506821289e+03,2.6556162109e+04,8.5180878906e+03,1.8157574795e+12,234,9.6995594827e+11,2.0830832443e+02,125,11.5-12.0,1.9072295471e+03,1.1895539750e+14,1.9072295471e+03,1.1895539750e+14,1.9072295471e+03,1.1895539750e+14,9.1558009135e+00,0,0,1,1
530,5.7699604492e+03,5.8602851562e+03,7.7128730469e+03,1.4122558929e+12,182,9.6995594827e+11,2.0940286908e+02,125,11.5-12.0,5.4859940060e+03,8.3105825648e+12,5.4859940060e+03,8.3105825648e+12,5.4859940060e+03,8.3105825648e+12,2.6198275267e+01,0,0,0,1
547,8.3498271484e+03,3.9445273438e+04,3.0119826172e+04,1.3734576111e+12,177,9.6995594827e+11,2.0659048127e+02,125,11.5-12.0,2.3288097369e+03,1.9011136586e+12,2.3288097369e+03,1.9011136586e+12,2.3288097369e+03,1.9011136586e+12,1.1272589727e+01,0,0,0,1
550,6.2087294922e+03,3.9517835938e+04,4.3813964844e+04,1.3734576111e+12,177,9.6995594827e+11,2.0929356091e+02,125,11.5-12.0,2.2132414401e+03,3.2691395281e+13,2.2132414401e+03,3.2691395281e+13,2.2132414401e+03,3.2691395281e+13,1.0574818597e+01,0,0,0,1
559,1.6160913086e+04,3.3076835938e+04,5.9154804688e+03,1.3424190537e+12,173,9.6995594827e+11,2.0782386974e+02,125,11.5-12.0,3.8061552475e+03,8.3804193931e+11,5.8080632336e+03,2.1401108043e+13,3.8061552475e+03,8.3804193931e+11,1.8314331517e+01,0,0,0,1
599,1.4591373047e+04,4.7177128906e+04,1.7547811279e+03,1.2570628791e+12,162,9.6995594827e+11,2.0620905109e+02,125,11.5-12.0,5.1452436151e+03,1.1018699572e+12,5.1452436151e+03,1.1018699572e+12,5.1452436151e+03,1.1018699572e+12,2.4951589603e+01,0,0,0,1
670,2.4744398438e+04,4.2599409180e+03,2.6034628906e+04,1.1251489251e+12,145,9.6995594827e+11,2.0598282362e+02,125,11.5-12.0,2.0618322388e+03,2.3589328662e+12,2.0618322388e+03,2.3589328662e+12,2.0618322388e+03,2.3589328662e+12,1.0009728979e+01,0,0,0,1
685,4.4538089844e+04,4.6524574219e+04,4.8992218750e+04,1.1018699787e+12,142,9.6995594827e+11,2.0821046671e+02,125,11.5-12.0,2.0457966499e+03,6.3691187387e+13,2.0457966499e+03,6.3691187387e+13,2.0457966499e+03,6.3691187387e+13,9.8256186743e+00,0,0,0,1
605,3.3945265625e+04,1.6843300781e+03,4.0232680664e+03,1.2493032681e+12,161,9.6219630069e+11,2.0298675476e+02,124,11.5-12.0,3.1303250738e+03,2.7081170076e+12,3.1303250738e+03,2.7081170076e+12,3.1303250738e+03,2.7081170076e+12,1.5421326763e+01,0,0,0,1
616,2.2369570312e+04,4.1838746094e+04,2.4990980469e+04,1.2260243217e+12,158,9.6219630069e+11,2.0827483001e+02,124,11.5-12.0,7.9438415608e+03,2.8633099593e+12,7.9438415608e+03,2.8633099593e+12,7.9438415608e+03,2.8633099593e+12,3.8141150136e+01,0,0,0,1
635,2.8288462891e+04,4.1221757812e+04,3.9613964844e+04,1.1872260399e+12,153,9.6219630069e+11,2.0680349885e+02,124,11.5-12.0,2.8039578781e+03,8.3804193931e+11,7.2337663592e+03,1.4122558607e+12,2.8039578781e+03,8.3804193931e+11,1.3558561116e+01,0,0,0,1
527,2.7171232910e+03,3.7166175781e+04,4.2704410156e+04,1.4510540614e+12,187,9.5443665310e+11,2.0746106303e+02,123,11.5-12.0,2.9345479786e+03,7.1311161317e+12,2.9345479786e+03,7.1311161317e+12,2.9345479786e+03,7.1311161317e+12,1.4145054189e+01,0,0,0,1
529,8.7042175293e+02,3.5126988281e+04,3.6327074219e+04,1.4355348393e+12,185,9.5443665310e+11,2.0554795217e+02,123,11.5-12.0,3.5862694327e+03,3.9496606214e+12,3.5862694327e+03,3.9496606214e+12,3.5862694327e+03,3.9496606214e+12,1.7447361527e+01,0,0,0,1
553,6.8001059570e+03,4.6100167969e+04,2.0876478516e+04,1.3501786647e+12,174,9.5443665310e+11,2.0831350770e+02,123,11.5-12.0,3.1945166374e+03,4.8575393889e+12,3.1945166374e+03,4.8575393889e+12,3.1945166374e+03,4.8575393889e+12,1.5335139198e+01,0,0,0,1
591,2.7011859375e+04,6.8724072266e+03,3.6711210938e+04,1.2648226035e+12,163,9.5443665310e+11,2.0713670370e+02,123,11.5-12.0,2.2381630531e+03,7.9924370138e+11,5.1235842106e+03,3.5771975372e+12,2.2381630531e+03,7.9924370138e+11,1.0805246067e+01,0,0,0,1
609,4.3713667969e+04,1.4436333008e+04,4.8716187500e+04,1.2337839327e+12,159,9.5443665310e+11,2.0741451410e+02,123,11.5-12.0,4.6427690850e+03,1.5053716317e+12,4.6427690850e+03,1.5053716317e+12,4.6427690850e+03,1.5053716317e+12,2.2384012542e+01,0,0,0,1
687,1.7227140625e+04,4.7702812500e+04,6.0855107422e+03,1.1018699787e+12,142,9.5443665310e+11,2.0342415285e+02,123,11.5-12.0,4.4780453308e+03,1.3168121954e+13,4.4780453308e+03,1.3168121954e+13,4.4780453308e+03,1.3168121954e+13,2.2013341425e+01,0,0,0,1
440,4.9727066406e+04,2.8615693359e+03,4.4725795898e+03,1.7691997000e+12,228,9.4667700551e+11,2.0727270454e+02,122,11.5-12.0,6.0661442767e+03,5.8042163945e+12,6.0661442767e+03,5.8042163945e+12,6.0661442767e+03,5.8042163945e+12,2.9266488756e+01,0,0,0,1
516,3.9857492188e+04,3.6259382812e+04,5.4648232422e+03,1.4898523432e+12,192,9.4667700551e+11,2.0382644477e+02,122,11.5-12.0,9.7459269369e+02,1.4510540986e+12,9.7459269369e+02,1.4510540986e+12,9.7459269369e+02,1.4510540986e+12,4.7814830641e+00,0,1,2,1
397,4.6704445312e+04,4.9796335938e+04,4.3596250000e+04,2.0097486617e+12,259,9.3891735793e+11,2.0294579564e+02,121,11.5-12.0,2.8400606404e+03,8.8250471998e+13,2.8400606404e+03,8.8250471998e+13,2.8400606404e+03,8.8250471998e+13,1.3994183183e+01,0,0,0,1
569,3.7617300781e+04,7.9892641602e+03,2.4970515137e+03,1.3191401073e+12,170,9.3891735793e+11,2.0301276689e+02,121,11.5-12.0,1.1219044054e+03,1.0941103097e+12,1.1219044054e+03,1.0941103097e+12,1.1219044054e+03,1.0941103097e+12,5.5262751331e+00,0,0,1,1
585,1.8576355469e+04,3.8577175293e+03,5.5038227539e+03,1.2803418255e+12,165,9.3891735793e+11,2.0269585995e+02,121,11.5-12.0,1.6668496665e+03,2.5451644083e+12,1.6668496665e+03,2.5451644083e+12,1.6668496665e+03,2.5451644083e+12,8.2234026235e+00,0,0,2,1
607,4.6863777344e+04,3.4638675781e+04,1.2053879395e+03,1.2415436571e+12,160,9.3891735793e+11,2.0552468453e+02,121,11.5-12.0,5.0584918332e+03,8.3804193931e+11,6.0743993116e+03,1.3579383276e+12,5.0584918332e+03,8.3804193931e+11,2.4612575588e+01,0,0,0,1
633,7.3210253906e+03,4.4808042969e+04,2.3826703125e+04,1.1872260399e+12,153,9.3891735793e+11,2.0666997724e+02,121,11.5-12.0,4.6803712196e+03,4.8575393889e+12,4.6803712196e+03,4.8575393889e+12,4.6803712196e+03,4.8575393889e+12,2.2646594740e+01,0,0,0,1
489,3.9619582031e+04,4.9542062500e+04,3.1388960938e+04,1.5907277398e+12,205,9.3115771034e+11,2.0570407138e+02,120,11.5-12.0,1.8009925264e+03,9.2339806276e+11,4.0400057196e+03,1.3610421866e+13,1.8009925264e+03,9.2339806276e+11,8.7552595059e+00,0,0,1,1
727,1.6940878906e+04,9.1598867188e+03,2.4269009766e+04,1.0165138041e+12,131,9.3115771034e+11,2.0516986647e+02,120,11.5-12.0,8.2297149799e+03,1.1018699572e+12,8.2297149799e+03,1.1018699572e+12,8.2297149799e+03,1.1018699572e+12,4.0111713875e+01,0,0,0,1
491,3.7609410156e+04,4.1152324219e+04,3.9542835938e+04,1.5829681288e+12,204,9.2339806276e+11,2.0081186955e+02,119,11.5-12.0,1.6801076094e+03,7.1311161317e+12,1.6801076094e+03,7.1311161317e+12,1.6801076094e+03,7.1311161317e+12,8.3665752089e+00,0,0,1,1
571,3.7194863281e+04,3.1254871094e+04,3.5149625000e+04,1.3113804963e+12,169,9.2339806276e+11,2.0477336857e+02,119,11.5-12.0,2.2554356944e+03,8.4580158689e+11,4.3067267989e+03,1.1096296048e+12,2.2554356944e+03,8.4580158689e+11,1.1014301860e+01,0,0,0,1
582,4.2411097656e+04,2.4007080078e+04,3.8299542969e+04,1.2803418255e+12,165,9.2339806276e+11,2.0563646310e+02,119,11.5-12.0,2.2020685615e+03,1.5208909269e+12,2.2020685615e+03,1.5208909269e+12,2.2020685615e+03,1.5208909269e+12,1.0708551043e+01,0,0,0,1
601,2.4659042969e+04,4.8105500000e+04,2.1958712891e+04,1.2493032681e+12,161,9.2339806276e+11,2.0241295715e+02,119,11.5-12.0,2.4922687370e+03,1.5596891648e+12,2.4922687370e+03,1.5596891648e+12,2.4922687370e+03,1.5596891648e+12,1.2312792482e+01,0,0,0,1
639,3.8714539062e+04,4.9683285156e+04,3.2183275391e+04,1.1794664289e+12,152,9.2339806276e+11,2.0150690951e+02,119,11.5-12.0,1.8009925264e+03,9.3115771034e+11,1.8009925264e+03,9.3115771034e+11,1.8009925264e+03,9.3115771034e+11,8.9376216961e+00,0,0,1,1
667,4.3294898438e+04,2.7986076172e+04,1.3470842773e+04,1.1329085361e+12,146,9.2339806276e+11,2.0524781137e+02,119,11.5-12.0,5.9563609678e+03,2.5800828224e+13,5.9563609678e+03,2.5800828224e+13,5.9563609678e+03,2.5800828224e+13,2.9020338526e+01,0,0,0,1
703,1.6399945312e+04,4.9794033203e+03,5.7180395508e+03,1.0630716969e+12,137,9.2339806276e+11,2.0255585283e+02,119,11.5-12.0,2.6953081398e+03,2.5451644083e+12,2.6953081398e+03,2.5451644083e+12,2.6953081398e+03,2.5451644083e+12,1.3306493503e+01,0,0,0,1
707,6.5392504883e+03,3.6179496094e+04,2.9838632812e+04,1.0553120858e+12,136,9.2339806276e+11,2.0336345627e+02,119,11.5-12.0,1.3662328356e+03,6.0913233552e+12,1.3662328356e+03,6.0913233552e+12,1.3662328356e+03,6.0913233552e+12,6.7181826107e+00,0,0,1,1
711,8.6245742188e+03,2.8301511719e+04,8.1600966797e+03,1.0475524748e+12,135,9.2339806276e+11,2.0070056387e+02,119,11.5-12.0,1.7908516226e+03,1.1895539750e+14,1.7908516226e+03,1.1895539750e+14,1.7908516226e+03,1.1895539750e+14,8.9230024474e+00,0,0,2,1
655,3.1553968750e+04,4.1945464844e+04,5.2631562500e+03,1.1484278715e+12,148,9.1563841517e+11,2.0470988299e+02,118,11.5-12.0,4.0062833223e+03,1.1406681952e+12,4.0062833223e+03,1.1406681952e+12,4.0062833223e+03,1.1406681952e+12,1.9570541801e+01,0,0,0,1
704,1.1044659180e+04,3.8495074219e+04,5.7889277344e+03,1.0630716969e+12,137,9.1563841517e+11,2.0052983592e+02,118,11.5-12.0,1.4842751629e+03,8.5356123448e+11,4.0211608391e+03,1.9825899583e+13,1.4842751629e+03,8.5356123448e+11,7.4017672035e+00,0,0,1,1
674,2.0479785156e+04,1.7521572266e+04,6.7926577148e+03,1.1173892007e+12,144,9.0787876758e+11,2.0431816428e+02,117,11.5-12.0,2.4939768445e+03,4.7566639703e+12,2.4939768445e+03,4.7566639703e+12,2.4939768445e+03,4.7566639703e+12,1.2206339330e+01,0,0,0,1
710,1.9279888672e+04,2.9325581055e+03,1.2647391602e+04,1.0475524748e+12,135,9.0787876758e+11,1.9868203963e+02,117,11.5-12.0,1.7765945083e+03,2.8477906641e+12,1.7765945083e+03,2.8477906641e+12,1.7765945083e+03,2.8477906641e+12,8.9418978764e+00,0,0,1,1
391,4.0828710938e+04,4.8751250000e+04,4.2892343750e+04,2.0330276081e+12,262,9.0011912000e+11,2.0421029693e+02,116,11.5-12.0,2.4632894028e+03,1.5674488124e+12,2.4632894028e+03,1.5674488124e+12,2.4632894028e+03,1.5674488124e+12,1.2062513203e+01,0,0,0,1
488,1.1859405273e+04,4.2739500000e+04,2.6910595703e+04,1.5907277398e+12,205,9.0011912000e+11,2.0303588639e+02,116,11.5-12.0,3.0621602401e+03,4.3221237055e+12,3.0621602401e+03,4.3221237055e+12,3.0621602401e+03,4.3221237055e+12,1.5081867026e+01,0,0,0,1
654,4.3901578125e+04,3.3326636719e+04,3.4808234375e+04,1.1484278715e+12,148,9.0011912000e+11,2.0114946927e+02,116,11.5-12.0,3.3985432074e+03,5.6567830903e+12,3.3985432074e+03,5.6567830903e+12,3.3985432074e+03,5.6567830903e+12,1.6895611108e+01,0,0,0,1
659,1.4053418945e+04,4.9107093750e+04,2.8578644531e+04,1.1484278715e+12,148,9.0011912000e+11,2.0406074468e+02,116,11.5-12.0,4.2076026368e+03,1.8778347159e+12,4.2076026368e+03,1.8778347159e+12,4.2076026368e+03,1.8778347159e+12,2.0619363334e+01,0,0,0,1
683,2.2867783203e+04,4.6825871094e+04,2.7114421875e+04,1.1096295897e+12,143,9.0011912000e+11,2.0327238559e+02,116,11.5-12.0,2.4041196698e+03,1.9546552270e+13,2.4041196698e+03,1.9546552270e+13,2.4041196698e+03,1.9546552270e+13,1.1827084446e+01,0,0,0,1
713,1.1792160156e+04,3.5577222656e+04,7.2762656250e+03,1.0475524748e+12,135,9.0011912000e+11,1.9686360652e+02,116,11.5-12.0,2.4652910312e+03,1.0770390850e+13,2.4652910312e+03,1.0770390850e+13,2.4652910312e+03,1.0770390850e+13,1.2522837891e+01,0,0,0,1
717,4.6174238281e+04,2.6858970703e+04,2.7245271484e+04,1.0320331394e+12,133,9.0011912000e+11,2.0403725026e+02,116,11.5-12.0,8.0435224281e+03,3.5151203565e+12,8.0435224281e+03,3.5151203565e+12,8.0435224281e+03,3.5151203565e+12,3.9421833110e+01,0,0,0,1
718,6.1512734375e+03,2.0885468750e+04,5.0555444336e+02,1.0320331394e+12,133,9.0011912000e+11,1.9764219642e+02,116,11.5-12.0,6.6369682422e+03,1.1096296048e+12,6.6369682422e+03,1.1096296048e+12,6.6369682422e+03,1.1096296048e+12,3.3580724980e+01,0,0,0,1
552,2.3726105469e+04,3.5625609375e+04,1.1190992188e+04,1.3656980001e+12,176,8.9235947241e+11,1.9248813976e+02,115,11.5-12.0,4.3730035845e+03,9.9323489103e+11,4.3730035845e+03,9.9323489103e+11,4.3730035845e+03,9.9323489103e+11,2.2718301450e+01,0,0,0,1
643,4.8248336792e+02,1.2997546875e+04,1.4653235352e+04,1.1639470935e+12,150,8.9235947241e+11,2.0256055336e+02,115,11.5-12.0,6.9657227695e+03,1.5519295172e+12,6.9657227695e+03,1.5519295172e+12,6.9657227695e+03,1.5519295172e+12,3.4388347849e+01,0,0,0,1
661,4.9024652344e+04,2.6922060547e+04,1.0054493164e+04,1.1406681471e+12,147,8.8459982482e+11,2.0240435178e+02,114,11.5-12.0,3.1355601079e+03,4.4385184193e+12,3.1355601079e+03,4.4385184193e+12,3.1355601079e+03,4.4385184193e+12,1.5491564684e+01,0,0,0,1
523,1.8169527344e+04,5.3064882812e+03,9.8316230469e+03,1.4588137857e+12,188,8.7684017724e+11,1.9960077294e+02,113,11.5-12.0,2.7299422345e+03,1.6372856407e+12,2.7299422345e+03,1.6372856407e+12,2.7299422345e+03,1.6372856407e+12,1.3677012340e+01,0,0,0,1
579,4.1819936523e+03,4.1222878906e+04,2.9350888672e+04,1.2958611609e+12,167,8.7684017724e+11,2.0059067813e+02,113,11.5-12.0,2.1749340168e+03,1.3424190324e+12,2.1749340168e+03,1.3424190324e+12,2.1749340168e+03,1.3424190324e+12,1.0842647510e+01,0,0,0,1
596,4.9783041992e+03,3.7428671875e+04,1.2575494141e+04,1.2570628791e+12,162,8.7684017724e+11,1.9774592588e+02,113,11.5-12.0,3.3456719335e+03,6.7353741048e+12,3.3456719335e+03,6.7353741048e+12,3.3456719335e+03,6.7353741048e+12,1.6919043559e+01,0,0,0,1
622,7.4956225586e+03,9.9938681641e+03,1.0309296875e+04,1.2105049863e+12,156,8.7684017724e+11,1.8877469136e+02,113,11.5-12.0,4.5616095913e+03,4.2134886393e+12,4.5616095913e+03,4.2134886393e+12,4.5616095913e+03,4.2134886393e+12,2.4164306976e+01,0,0,0,1
660,3.4139273438e+04,3.6439605469e+04,3.2519097656e+04,1.1406681471e+12,147,8.7684017724e+11,2.0207121562e+02,113,11.5-12.0,2.7902730846e+03,2.2114995621e+12,2.7902730846e+03,2.2114995621e+12,2.7902730846e+03,2.2114995621e+12,1.3808364917e+01,0,0,0,1
688,2.9545949707e+03,4.6985925781e+04,4.4260152344e+04,1.1018699787e+12,142,8.7684017724e+11,2.0176082366e+02,113,11.5-12.0,1.3983202479e+03,2.7313959503e+12,1.3983202479e+03,2.7313959503e+12,1.3983202479e+03,2.7313959503e+12,6.9305835622e+00,0,0,2,1
648,5.1450717773e+03,2.9342078125e+04,3.4376710938e+04,1.1561874825e+12,149,8.6908052965e+11,1.9892032285e+02,112,11.5-12.0,1.2995913443e+03,2.4210100469e+12,1.2995913443e+03,2.4210100469e+12,1.2995913443e+03,2.4210100469e+12,6.5332255935e+00,0,0,1,1
673,2.1218257812e+04,8.5941425781e+03,3.0550610352e+03,1.1251489251e+12,145,8.6908052965e+11,2.0146842749e+02,112,11.5-12.0,3.0233921726e+03,1.8312768303e+12,3.0233921726e+03,1.8312768303e+12,3.0233921726e+03,1.8312768303e+12,1.5006779029e+01,0,0,0,1
681,2.0338371094e+04,2.5922972656e+04,7.5748227539e+03,1.1173892007e+12,144,8.6908052965e+11,2.0184599137e+02,112,11.5-12.0,3.5482683985e+03,7.7596475862e+11,3.5668326683e+03,2.3666925138e+12,3.5482683985e+03,7.7596475862e+11,1.7579087771e+01,0,0,0,1
682,4.6790125000e+04,1.7570320312e+04,1.2879170898e+04,1.1096295897e+12,143,8.6908052965e+11,2.0149537884e+02,112,11.5-12.0,9.1195862908e+03,8.9235947241e+11,9.1195862908e+03,8.9235947241e+11,9.1195862908e+03,8.9235947241e+11,4.5259530731e+01,0,0,0,1
728,2.3141257812e+04,1.3886174805e+04,5.6122109375e+03,1.0165138041e+12,131,8.6908052965e+11,1.9329378430e+02,112,11.5-12.0,2.6744392754e+03,4.8963376269e+12,2.6744392754e+03,4.8963376269e+12,2.6744392754e+03,4.8963376269e+12,1.3836136972e+01,0,0,0,1
619,4.8472453125e+04,3.3774539062e+04,1.2048727539e+04,1.2182647107e+12,157,8.6132088207e+11,1.9614708145e+02,111,11.5-12.0,1.0849903010e+03,1.4743330414e+12,1.0849903010e+03,1.4743330414e+12,1.0849903010e+03,1.4743330414e+12,5.5315138669e+00,0,0,1,1
632,6.4527333984e+03,4.7516472656e+04,9.1444238281e+03,1.1949857643e+12,154,8.6132088207e+11,1.9820289601e+02,111,11.5-12.0,1.5615066916e+03,7.9148405379e+12,1.5615066916e+03,7.9148405379e+12,1.5615066916e+03,7.9148405379e+12,7.8783242979e+00,0,0,1,1
650,5.3054335938e+03,1.6885164795e+03,4.4433425781e+04,1.1484278715e+12,148,8.6132088207e+11,2.0048663994e+02,111,11.5-12.0,3.0290441440e+03,1.4820926890e+12,3.0290441440e+03,1.4820926890e+12,3.0290441440e+03,1.4820926890e+12,1.5108458823e+01,0,0,0,1
676,4.9202783203e+03,3.5959988281e+04,1.9276578125e+04,1.1173892007e+12,144,8.6132088207e+11,2.0114465390e+02,111,11.5-12.0,1.9144011466e+03,2.0252680200e+12,1.9144011466e+03,2.0252680200e+12,1.9144011466e+03,2.0252680200e+12,9.5175343191e+00,0,0,1,1
692,5.5455126953e+03,2.7814005859e+04,3.4611632812e+04,1.0863506433e+12,140,8.6132088207e+11,1.9620156105e+02,111,11.5-12.0,9.9704497863e+02,4.6092306662e+12,9.9704497863e+02,4.6092306662e+12,9.9704497863e+02,4.6092306662e+12,5.0817382557e+00,0,1,2,1
492,3.6236949219e+04,3.9695300781e+04,3.9967527344e+04,1.5829681288e+12,204,8.5356123448e+11,1.9765486922e+02,110,11.5-12.0,1.9033479828e+03,7.1311161317e+12,1.9033479828e+03,7.1311161317e+12,1.9033479828e+03,7.1311161317e+12,9.6296539028e+00,0,0,1,1
647,1.4913936523e+04,4.0645078125e+04,4.6408046875e+04,1.1561874825e+12,149,8.5356123448e+11,1.9960062175e+02,110,11.5-12.0,3.9238121473e+03,6.5025846772e+12,3.9238121473e+03,6.5025846772e+12,3.9238121473e+03,6.5025846772e+12,1.9658316256e+01,0,0,0,1
675,3.7499511719e+04,2.1746660156e+04,3.9423140625e+04,1.1173892007e+12,144,8.5356123448e+11,1.9509168904e+02,110,11.5-12.0,2.5597988536e+03,1.1848981864e+13,2.5597988536e+03,1.1848981864e+13,2.5597988536e+03,1.1848981864e+13,1.3121004109e+01,0,0,0,1
702,2.7719679688e+04,1.6062287598e+03,2.7997066406e+04,1.0630716969e+12,137,8.5356123448e+11,1.9898782692e+02,110,11.5-12.0,4.7487665274e+03,2.2114995621e+12,4.7487665274e+03,2.2114995621e+12,4.7487665274e+03,2.2114995621e+12,2.3864608207e+01,0,0,0,1
706,1.9335318359e+04,2.3755074219e+04,8.5926357422e+03,1.0553120858e+12,136,8.5356123448e+11,2.0038622832e+02,110,11.5-12.0,2.5668707665e+03,1.8079978876e+12,2.5668707665e+03,1.8079978876e+12,2.5668707665e+03,1.8079978876e+12,1.2809616649e+01,0,0,0,1
740,1.0773794922e+04,3.9311097656e+04,5.2798432617e+03,1.0009945820e+12,129,8.5356123448e+11,1.9889511859e+02,110,11.5-12.0,1.4842751629e+03,9.1563841517e+11,1.4842751629e+03,9.1563841517e+11,1.4842751629e+03,9.1563841517e+11,7.4626022669e+00,0,0,1,1
742,1.4743292969e+04,1.1171206055e+04,8.4633476562e+03,9.9323485766e+11,128,8.5356123448e+11,1.9286128498e+02,110,11.5-12.0,2.9924812445e+03,1.7071224690e+12,2.9924812445e+03,1.7071224690e+12,2.9924812445e+03,1.7071224690e+12,1.5516236163e+01,0,0,0,1
775,7.7330206299e+02,4.0502562500e+04,5.3318422852e+03,9.5443668921e+11,123,8.5356123448e+11,1.9487940624e+02,110,11.5-12.0,2.5455115610e+03,7.5889353393e+12,2.5455115610e+03,7.5889353393e+12,2.5455115610e+03,7.5889353393e+12,1.3061983357e+01,0,0,0,1
509,1.6010996094e+04,3.3510128906e+04,2.2424281250e+04,1.5053716785e+12,194,8.4580158689e+11,1.9900316548e+02,109,11.5-12.0,1.6024746250e+03,3.5616782421e+12,1.6024746250e+03,3.5616782421e+12,1.6024746250e+03,3.5616782421e+12,8.0525082157e+00,0,0,1,1
600,3.5983527344e+04,3.2025673828e+04,3.5643531250e+04,1.2493032681e+12,161,8.4580158689e+11,1.9414591533e+02,109,11.5-12.0,2.2554356944e+03,9.2339806276e+11,2.2554356944e+03,9.2339806276e+11,2.2554356944e+03,9.2339806276e+11,1.1617219402e+01,0,0,0,1
649,6.2012138672e+03,3.2986285156e+04,4.0256800781e+04,1.1561874825e+12,149,8.4580158689e+11,2.0018759470e+02,109,11.5-12.0,7.8368752014e+03,2.3992830336e+13,7.8368752014e+03,2.3992830336e+13,7.8368752014e+03,2.3992830336e+13,3.9147656543e+01,0,0,0,1
656,2.2134355469e+03,3.2818371094e+04,2.7049281250e+04,1.1484278715e+12,148,8.4580158689e+11,1.9747877213e+02,109,11.5-12.0,3.4007735763e+03,1.5596891648e+12,3.4007735763e+03,1.5596891648e+12,3.4007735763e+03,1.5596891648e+12,1.7220957674e+01,0,0,0,1
701,2.0640739441e+02,1.1526197266e+04,2.9669406250e+04,1.0630716969e+12,137,8.4580158689e+11,1.9920921425e+02,109,11.5-12.0,5.0334466917e+03,1.0785910145e+12,5.0334466917e+03,1.0785910145e+12,5.0334466917e+03,1.0785910145e+12,2.5267137921e+01,0,0,0,1
709,4.4502156250e+04,4.1457261719e+04,4.3797832031e+04,1.0475524748e+12,135,8.4580158689e+11,1.9103793785e+02,109,11.5-12.0,1.1029118947e+03,7.9924370138e+11,2.2611961223e+03,1.1251489000e+12,1.1029118947e+03,7.9924370138e+11,5.7732610972e+00,0,0,1,1
715,1.8874029297e+04,3.5685097656e+04,1.5017505859e+04,1.0320331394e+12,133,8.4580158689e+11,1.9636971107e+02,109,11.5-12.0,6.5037904278e+03,2.0252680200e+12,6.5037904278e+03,2.0252680200e+12,6.5037904278e+03,2.0252680200e+12,3.3120130352e+01,0,0,0,1
542,4.7083496094e+04,3.6035671875e+04,4.8107531250e+04,1.3812172222e+12,178,8.3804193931e+11,1.9764025589e+02,108,11.5-12.0,1.1726226480e+03,1.3579383276e+12,1.1726226480e+03,1.3579383276e+12,1.1726226480e+03,1.3579383276e+12,5.9331164228e+00,0,0,1,1
580,4.4517687500e+04,4.6934636719e+04,9.9101240234e+03,1.2881015499e+12,166,8.3804193931e+11,1.9808910404e+02,108,11.5-12.0,6.4128974515e+03,2.6615591221e+12,6.4128974515e+03,2.6615591221e+12,6.4128974515e+03,2.6615591221e+12,3.2373802096e+01,0,0,0,1
645,2.7011205078e+04,4.2335734375e+04,3.8782824219e+04,1.1639470935e+12,150,8.3804193931e+11,1.9894489800e+02,108,11.5-12.0,2.8039578781e+03,9.6219630069e+11,2.8039578781e+03,9.6219630069e+11,2.8039578781e+03,9.6219630069e+11,1.4094143184e+01,0,0,0,1
653,3.3779753906e+04,2.1646943359e+04,4.2434359375e+04,1.1484278715e+12,148,8.3804193931e+11,1.9596251486e+02,108,11.5-12.0,3.0156811052e+03,8.2252264414e+11,6.2838654919e+03,2.2735767428e+12,3.0156811052e+03,8.2252264414e+11,1.5389071259e+01,0,0,0,1
731,2.6435716797e+04,2.7678326172e+04,3.2657988281e+03,1.0165138041e+12,131,8.3804193931e+11,1.9818657286e+02,108,11.5-12.0,1.9268977766e+03,1.5053716317e+12,1.9268977766e+03,1.5053716317e+12,1.9268977766e+03,1.5053716317e+12,9.7226454286e+00,0,0,1,1
791,1.6640642578e+04,3.5571988281e+04,6.2463500977e+03,9.3891735383e+11,121,8.3804193931e+11,1.9812640316e+02,108,11.5-12.0,2.9112854116e+03,2.9921201092e+13,2.9112854116e+03,2.9921201092e+13,2.9112854116e+03,2.9921201092e+13,1.4694080977e+01,0,0,0,1
541,3.4491862793e+03,3.4353816406e+04,7.9362954102e+03,1.3889769465e+12,179,8.3028229172e+11,1.9592051708e+02,107,11.5-12.0,5.8214160424e+03,1.7769592972e+12,5.8214160424e+03,1.7769592972e+12,5.8214160424e+03,1.7769592972e+12,2.9713151686e+01,0,0,0,1
574,3.7496070312e+04,6.8532680664e+03,4.3567789062e+04,1.2958611609e+12,167,8.3028229172e+11,1.9723310598e+02,107,11.5-12.0,4.6524721848e+03,1.3036207945e+12,4.6524721848e+03,1.3036207945e+12,4.6524721848e+03,1.3036207945e+12,2.3588698062e+01,0,0,0,1
581,8.9359990234e+03,4.3945136719e+04,4.7655445312e+04,1.2881015499e+12,166,8.3028229172e+11,1.9883200854e+02,107,11.5-12.0,2.4345719599e+03,2.6615591221e+12,2.4345719599e+03,2.6615591221e+12,2.4345719599e+03,2.6615591221e+12,1.2244366376e+01,0,0,0,1
651,2.9149704590e+03,1.6387625000e+04,9.1639746094e+03,1.1484278715e+12,148,8.3028229172e+11,1.8912718801e+02,107,11.5-12.0,6.5267424082e+03,1.5519295172e+12,6.5267424082e+03,1.5519295172e+12,6.5267424082e+03,1.5519295172e+12,3.4509805157e+01,0,0,0,1
743,5.5906328125e+03,3.4052703125e+04,2.1328052734e+04,9.9323485766e+11,128,8.3028229172e+11,1.9667843805e+02,107,11.5-12.0,4.2783997650e+03,8.6132088207e+11,4.2783997650e+03,8.6132088207e+11,4.2783997650e+03,8.6132088207e+11,2.1753273045e+01,0,0,0,1
752,4.2119250000e+04,4.5488070312e+04,4.7859988281e+04,9.8547524664e+11,127,8.3028229172e+11,1.9638125387e+02,107,11.5-12.0,2.9608898922e+03,6.3691187387e+13,2.9608898922e+03,6.3691187387e+13,2.9608898922e+03,6.3691187387e+13,1.5077253220e+01,0,0,0,1
755,3.8132261719e+04,3.7764809570e+03,4.2314238281e+04,9.8547524664e+11,127,8.3028229172e+11,1.9726060104e+02,107,11.5-12.0,1.5899438701e+03,3.0650607965e+12,1.5899438701e+03,3.0650607965e+12,1.5899438701e+03,3.0650607965e+12,8.0601187552e+00,0,0,1,1
802,2.2934589844e+04,1.6450496826e+03,4.7523574219e+04,9.1563840743e+11,118,8.3028229172e+11,1.9312681778e+02,107,11.5-12.0,5.9101602141e+03,3.6703133083e+12,5.9101602141e+03,3.6703133083e+12,5.9101602141e+03,3.6703133083e+12,3.0602483291e+01,0,0,0,1
613,3.3670300781e+04,3.5202929688e+04,6.9884882812e+03,1.2337839327e+12,159,8.2252264414e+11,1.9698120677e+02,106,11.5-12.0,3.1490321266e+03,1.5441698697e+12,3.1490321266e+03,1.5441698697e+12,3.1490321266e+03,1.5441698697e+12,1.5986459714e+01,0,0,0,1
684,2.0215906250e+04,4.1986728516e+03,6.4464160156e+03,1.1018699787e+12,142,8.2252264414e+11,1.9517897825e+02,106,11.5-12.0,2.7453098906e+03,1.6605645834e+12,2.7453098906e+03,1.6605645834e+12,2.7453098906e+03,1.6605645834e+12,1.4065602327e+01,0,0,0,1
721,3.3433277344e+04,2.3529222656e+04,4.1757222656e+04,1.0242735284e+12,132,8.2252264414e+11,1.9180618355e+02,106,11.5-12.0,3.0156811052e+03,8.3804193931e+11,3.0156811052e+03,8.3804193931e+11,3.0156811052e+03,8.3804193931e+11,1.5722543712e+01,0,0,0,1
726,1.9480636719e+04,1.5422491211e+04,3.2984960938e+04,1.0165138041e+12,131,8.2252264414e+11,1.9330630659e+02,106,11.5-12.0,1.8208172805e+03,1.0785910145e+12,1.8208172805e+03,1.0785910145e+12,1.8208172805e+03,1.0785910145e+12,9.4193371786e+00,0,0,1,1
587,4.1202128906e+04,4.3118671875e+04,4.3623218750e+04,1.2725822145e+12,164,8.1476299655e+11,1.9646062217e+02,105,11.5-12.0,2.9953684162e+03,1.1096296048e+12,2.9953684162e+03,1.1096296048e+12,2.9953684162e+03,1.1096296048e+12,1.5246660542e+01,0,0,0,1
671,2.1295263672e+04,1.3819656250e+04,4.6347412109e+03,1.1251489251e+12,145,8.1476299655e+11,1.9612825336e+02,105,11.5-12.0,1.4689213667e+03,4.8963376269e+12,1.4689213667e+03,4.8963376269e+12,1.4689213667e+03,4.8963376269e+12,7.4895959227e+00,0,0,1,1
724,3.9064808594e+04,2.2062001953e+03,1.0520452148e+04,1.0242735284e+12,132,8.1476299655e+11,1.9522347007e+02,105,11.5-12.0,5.1499156166e+03,4.3298833531e+12,5.1499156166e+03,4.3298833531e+12,5.1499156166e+03,4.3298833531e+12,2.6379592652e+01,0,0,0,1
769,4.0177070312e+04,2.8902302734e+04,3.1442656250e+04,9.6219630023e+11,124,8.1476299655e+11,1.9576499238e+02,105,11.5-12.0,6.5498790647e+03,2.9874643207e+12,6.5498790647e+03,2.9874643207e+12,6.5498790647e+03,2.9874643207e+12,3.3457866930e+01,0,0,0,1
784,1.0747730713e+03,5.6249594727e+03,3.4199375000e+04,9.3891735383e+11,121,8.1476299655e+11,1.8518820638e+02,105,11.5-12.0,3.3782224787e+03,4.3376430007e+12,3.3782224787e+03,4.3376430007e+12,3.3782224787e+03,4.3376430007e+12,1.8242103775e+01,0,0,0,1
789,3.4594988281e+04,3.8623246094e+04,3.7322175781e+04,9.3891735383e+11,121,8.1476299655e+11,1.9274406759e+02,105,11.5-12.0,1.7183198727e+03,3.2668116338e+12,1.7183198727e+03,3.2668116338e+12,1.7183198727e+03,3.2668116338e+12,8.9150337759e+00,0,0,1,1
624,3.7525028229e+01,4.3742863281e+04,2.8185906250e+04,1.2105049863e+12,156,8.0700334896e+11,1.9372633703e+02,104,11.5-12.0,2.8871978627e+03,2.1307992272e+13,2.8871978627e+03,2.1307992272e+13,2.8871978627e+03,2.1307992272e+13,1.4903486572e+01,0,0,0,1
666,2.9135464844e+04,1.3813062500e+04,2.8309089844e+04,1.1329085361e+12,146,8.0700334896e+11,1.9049064877e+02,104,11.5-12.0,7.5521098376e+03,1.8079978876e+12,7.5521098376e+03,1.8079978876e+12,7.5521098376e+03,1.8079978876e+12,3.9645567309e+01,0,0,0,1
749,1.4982814941e+03,4.4255121094e+04,1.7314183594e+04,9.8547524664e+11,127,8.0700334896e+11,1.9046389186e+02,104,11.5-12.0,1.0007062567e+03,6.6189793910e+12,1.0007062567e+03,6.6189793910e+12,1.0007062567e+03,6.6189793910e+12,5.2540470896e+00,0,0,2,1
766,4.8168832031e+04,1.5562508789e+04,4.6968496094e+04,9.6219630023e+11,124,8.0700334896e+11,1.8704431654e+02,104,11.5-12.0,7.3030597625e+03,9.5443665310e+11,7.3030597625e+03,9.5443665310e+11,7.3030597625e+03,9.5443665310e+11,3.9044542479e+01,0,0,0,1
795,8.4474951172e+03,3.3614917969e+04,8.1938427734e+03,9.3115768614e+11,120,8.0700334896e+11,1.8585559492e+02,104,11.5-12.0,2.8475324384e+03,4.1048535731e+12,2.8475324384e+03,4.1048535731e+12,2.8475324384e+03,4.1048535731e+12,1.5321209134e+01,0,0,0,1
588,2.6481181641e+04,3.7513093750e+04,1.4887590332e+03,1.2725822145e+12,164,7.9924370138e+11,1.9586162754e+02,103,11.5-12.0,2.1914735035e+03,3.5865091143e+13,2.1914735035e+03,3.5865091143e+13,2.1914735035e+03,3.5865091143e+13,1.1188886414e+01,0,0,0,1
614,4.4885890625e+04,4.1540703125e+04,4.4427960938e+04,1.2260243217e+12,158,7.9924370138e+11,1.9305921571e+02,103,11.5-12.0,1.1029118947e+03,8.4580158689e+11,1.1029118947e+03,8.4580158689e+11,1.1029118947e+03,8.4580158689e+11,5.7128166125e+00,0,0,1,1
638,2.6917819824e+03,4.1965140625e+04,1.5311650391e+04,1.1794664289e+12,152,7.9924370138e+11,1.9331355441e+02,103,11.5-12.0,1.3224826565e+03,2.2347785048e+12,1.3224826565e+03,2.2347785048e+12,1.3224826565e+03,2.2347785048e+12,6.8411274134e+00,0,0,2,1
641,1.9234832031e+04,1.6133962891e+04,6.6873281250e+03,1.1717068179e+12,151,7.9924370138e+11,1.9234900595e+02,103,11.5-12.0,2.7736290966e+03,9.0787876758e+11,2.7736290966e+03,9.0787876758e+11,2.7736290966e+03,9.0787876758e+11,1.4419773489e+01,0,0,0,1
672,2.5912574219e+04,6.7270639648e+03,3.5691070312e+04,1.1251489251e+12,145,7.9924370138e+11,1.9470212076e+02,103,11.5-12.0,2.2381630531e+03,9.5443665310e+11,2.2381630531e+03,9.5443665310e+11,2.2381630531e+03,9.5443665310e+11,1.1495319333e+01,0,0,0,1
689,1.3118423828e+04,6.1844589844e+03,7.2019340820e+03,1.0941102543e+12,141,7.9924370138e+11,1.9318202236e+02,103,11.5-12.0,1.2805787437e+03,1.3579383276e+12,1.2805787437e+03,1.3579383276e+12,1.2805787437e+03,1.3579383276e+12,6.6288711964e+00,0,0,2,1
694,2.5040458984e+04,2.1304125000e+04,8.7939765625e+03,1.0785910322e+12,139,7.9924370138e+11,1.9614678154e+02,103,11.5-12.0,7.0944512142e+03,1.9864697821e+12,7.0944512142e+03,1.9864697821e+12,7.0944512142e+03,1.9864697821e+12,3.6169093159e+01,0,0,0,1
712,2.7926740723e+03,3.8928800781e+04,2.1034730469e+04,1.0475524748e+12,135,7.9924370138e+11,1.9433347476e+02,103,11.5-12.0,3.9109086629e+03,1.6217663455e+12,3.9109086629e+03,1.6217663455e+12,3.9109086629e+03,1.6217663455e+12,2.0124729760e+01,0,0,0,1
735,2.3007613281e+04,1.1010683594e+04,4.2965429688e+03,1.0009945820e+12,129,7.9924370138e+11,1.9399076270e+02,103,11.5-12.0,3.3502772620e+03,1.8312768303e+12,3.3502772620e+03,1.8312768303e+12,3.3502772620e+03,1.8312768303e+12,1.7270292747e+01,0,0,0,1
768,3.0261363281e+04,5.5954218750e+03,2.7731222656e+04,9.6219630023e+11,124,7.9924370138e+11,1.9504206868e+02,103,11.5-12.0,5.6680820465e+03,1.3812172703e+12,5.6680820465e+03,1.3812172703e+12,5.6680820465e+03,1.3812172703e+12,2.9060817929e+01,0,0,0,1
773,1.2650699463e+03,4.4311894531e+04,3.5117378906e+04,9.6219630023e+11,124,7.9924370138e+11,1.8666930810e+02,103,11.5-12.0,3.0704927946e+03,1.1329085476e+12,3.0704927946e+03,1.1329085476e+12,3.0704927946e+03,1.1329085476e+12,1.6448835783e+01,0,0,0,1
680,2.2235458984e+04,4.2890261719e+04,3.3469926758e+03,1.1173892007e+12,144,7.9148405379e+11,1.9555032449e+02,102,11.5-12.0,3.4527691208e+03,1.1561874903e+12,3.4527691208e+03,1.1561874903e+12,3.4527691208e+03,1.1561874903e+12,1.7656678044e+01,0,0,0,1
693,7.3625527344e+03,3.2667107422e+04,1.0861785156e+04,1.0863506433e+12,140,7.9148405379e+11,1.9423794678e+02,102,11.5-12.0,1.6546352743e+03,2.0873452007e+12,1.6546352743e+03,2.0873452007e+12,1.6546352743e+03,2.0873452007e+12,8.5185994895e+00,0,0,1,1
739,1.7822976562e+04,4.1151761719e+04,4.6123779297e+03,1.0009945820e+12,129,7.9148405379e+11,1.9218823121e+02,102,11.5-12.0,1.0751714257e+03,1.2834457108e+13,1.0751714257e+03,1.2834457108e+13,1.0751714257e+03,1.2834457108e+13,5.5943666217e+00,0,0,1,1
747,5.1370888672e+03,4.8186062500e+04,4.3385023438e+04,9.9323485766e+11,128,7.9148405379e+11,1.9033957528e+02,102,11.5-12.0,2.6498551193e+03,3.6625536607e+12,2.6498551193e+03,3.6625536607e+12,2.6498551193e+03,3.6625536607e+12,1.3921724451e+01,0,0,0,1
623,2.5450751953e+03,4.8284652344e+04,6.4758911133e+03,1.2105049863e+12,156,7.8372440620e+11,1.9456826397e+02,101,11.5-12.0,3.1709259640e+03,1.1406681952e+12,3.1709259640e+03,1.1406681952e+12,3.1709259640e+03,1.1406681952e+12,1.6297241386e+01,0,0,0,1
634,4.0543675781e+04,4.6507843750e+04,4.4936726562e+04,1.1872260399e+12,153,7.8372440620e+11,1.8702665386e+02,101,11.5-12.0,4.1435319875e+03,1.8933540110e+12,4.1435319875e+03,1.8933540110e+12,4.1435319875e+03,1.8933540110e+12,2.2154767259e+01,0,0,0,1
664,9.1956503906e+03,2.5729363281e+04,1.1352499023e+04,1.1329085361e+12,146,7.8372440620e+11,1.9288043992e+02,101,11.5-12.0,1.6377721380e+03,1.2415436138e+12,1.6377721380e+03,1.2415436138e+12,1.6377721380e+03,1.2415436138e+12,8.4911261021e+00,0,0,2,1
714,5.0349497070e+03,2.3059898438e+04,7.3557626953e+03,1.0397927505e+12,134,7.8372440620e+11,1.9474185016e+02,101,11.5-12.0,3.7446803190e+03,9.8547524345e+11,3.7446803190e+03,9.8547524345e+11,3.7446803190e+03,9.8547524345e+11,1.9228944964e+01,0,0,0,1
720,3.3324625000e+04,2.1979152344e+04,2.5262150391e+04,1.0242735284e+12,132,7.8372440620e+11,1.9367675445e+02,101,11.5-12.0,9.9584211894e+03,3.8643044979e+12,9.9584211894e+03,3.8643044979e+12,9.9584211894e+03,3.8643044979e+12,5.1417740956e+01,0,0,0,1
774,1.8546968750e+04,2.6828339844e+03,1.5155705078e+04,9.5443668921e+11,123,7.8372440620e+11,1.8138695084e+02,101,11.5-12.0,2.8388379317e+03,3.9031027358e+12,2.8388379317e+03,3.9031027358e+12,2.8388379317e+03,3.9031027358e+12,1.5650728558e+01,0,0,0,1
780,3.9214679688e+04,3.9271894531e+04,3.9505683594e+04,9.4667702152e+11,122,7.8372440620e+11,1.9324484082e+02,101,11.5-12.0,1.2915243168e+03,1.1484278428e+12,1.2915243168e+03,1.1484278428e+12,1.2915243168e+03,1.1484278428e+12,6.6833572964e+00,0,0,1,1
668,1.9967802734e+04,2.8034697266e+04,6.5216567383e+03,1.1329085361e+12,146,7.7596475862e+11,1.9275693096e+02,100,11.5-12.0,2.6607945061e+03,1.2749100984e+13,2.6607945061e+03,1.2749100984e+13,2.6607945061e+03,1.2749100984e+13,1.3803884991e+01,0,0,0,1
744,4.8043945312e+03,3.6937824219e+04,1.6253232422e+04,9.9323485766e+11,128,7.7596475862e+11,1.9257433066e+02,100,11.5-12.0,2.2029556645e+03,6.7353741048e+12,2.2029556645e+03,6.7353741048e+12,2.2029556645e+03,6.7353741048e+12,1.1439508355e+01,0,0,0,1
754,4.2152646484e+03,4.0423621094e+04,3.4122507812e+04,9.8547524664e+11,127,7.7596475862e+11,1.8463336498e+02,100,11.5-12.0,2.0110724820e+03,2.6786303468e+13,2.0110724820e+03,2.6786303468e+13,2.0110724820e+03,2.6786303468e+13,1.0892248442e+01,0,0,0,1
786,1.5107540039e+04,8.8041632080e+02,2.0538673828e+04,9.3891735383e+11,121,7.7596475862e+11,1.9362504138e+02,100,11.5-12.0,5.7710510035e+03,1.6062470503e+12,5.7710510035e+03,1.6062470503e+12,5.7710510035e+03,1.6062470503e+12,2.9805292551e+01,0,0,0,1
790,3.4044574219e+04,4.4703628906e+04,4.5216566406e+04,9.3891735383e+11,121,7.7596475862e+11,1.8497510919e+02,100,11.5-12.0,5.8300174399e+03,2.3356539234e+12,5.8300174399e+03,2.3356539234e+12,5.8300174399e+03,2.3356539234e+12,3.1517848350e+01,0,0,0,1
793,3.6563828125e+04,4.8777105469e+04,3.9740671875e+04,9.3115768614e+11,120,7.7596475862e+11,1.8643900397e+02,100,11.5-12.0,1.1659337779e+03,1.6838435262e+12,1.1659337779e+03,1.6838435262e+12,1.1659337779e+03,1.6838435262e+12,6.2537009588e+00,0,0,1,1
816,3.0791535156e+04,1.9465787109e+04,3.3142050781e+04,9.0011912871e+11,116,7.7596475862e+11,1.9356285102e+02,100,11.5-12.0,3.6359253180e+03,9.9323489103e+11,3.6359253180e+03,9.9323489103e+11,3.6359253180e+03,9.9323489103e+11,1.8784210394e+01,0,0,0,1
